time,wx,wy,wz
0.007039070129394531,-0.19,0.07,0.13
0.016865015029907227,-0.11,0.0,0.07
0.027940034866333008,0.01,-0.11,-0.06
0.03783702850341797,0.21,-0.12,-0.22
0.06027102470397949,0.47,-0.05,-0.37
0.06257915496826172,0.74,-0.09,-0.47
0.06687116622924805,0.94,-0.12,-0.51
0.0773930549621582,1.1,-0.15,-0.61
0.08762598037719727,1.15,-0.18,-0.67
0.09755992889404297,1.11,-0.21,-0.68
0.10771799087524414,0.97,-0.24,-0.64
0.11758089065551758,0.75,-0.26,-0.56
0.1284780502319336,0.46,-0.29,-0.43
0.13860106468200684,0.14,-0.31,-0.28
0.16208696365356445,-0.19,-0.32,-0.1
0.16440510749816895,-0.5,-0.34,0.07
0.16802000999450684,-0.74,-0.35,0.24
0.178117036819458,-0.92,-0.37,0.39
0.18837594985961914,-1.02,-0.38,0.5
0.19831204414367676,-1.03,-0.4,0.55
0.20818305015563965,-0.97,-0.42,0.55
0.21961593627929688,-0.83,-0.43,0.49
0.22972822189331055,-0.63,-0.45,0.4
0.2394399642944336,-0.39,-0.45,0.26
0.2641940116882324,-0.12,-0.46,0.1
0.2663850784301758,0.15,-0.47,-0.08
0.2685399055480957,0.4,-0.47,-0.26
0.28621602058410645,0.62,-0.48,-0.42
0.28879404067993164,0.78,-0.48,-0.56
0.30408811569213867,0.85,-0.49,-0.67
0.30901503562927246,0.84,-0.5,-0.74
0.31960296630859375,0.74,-0.51,-0.77
0.33009815216064453,0.57,-0.51,-0.75
0.3401460647583008,0.34,-0.51,-0.68
0.3649940490722656,0.08,-0.51,-0.58
0.3669710159301758,-0.18,-0.51,-0.44
0.36929798126220703,-0.42,-0.5,-0.27
0.38718199729919434,-0.6,-0.49,-0.09
0.38952112197875977,-0.72,-0.47,0.09
0.402616024017334,-0.74,-0.45,0.26
0.409757137298584,-0.69,-0.44,0.4
0.4203681945800781,-0.56,-0.42,0.5
0.4312570095062256,-0.37,-0.4,0.55
0.44076108932495117,-0.14,-0.38,0.55
0.4588651657104492,0.1,-0.35,0.49
0.46091222763061523,0.33,-0.33,0.39
0.4702339172363281,0.53,-0.3,0.25
0.48026418685913086,0.68,-0.28,0.09
0.4904170036315918,0.75,-0.25,-0.08
0.5005478858947754,0.75,-0.23,-0.24
0.5105500221252441,0.69,-0.21,-0.38
0.5215539932250977,0.56,-0.19,-0.49
0.5318760871887207,0.37,-0.17,-0.56
0.5414619445800781,0.14,-0.14,-0.59
0.5589981079101562,-0.12,-0.11,-0.59
0.5612640380859375,-0.38,-0.08,-0.54
0.5711169242858887,-0.64,-0.05,-0.46
0.5811419486999512,-0.86,-0.01,-0.35
0.5911669731140137,-1.04,0.03,-0.23
0.6022911071777344,-1.16,0.06,-0.1
0.6124410629272461,-1.21,0.1,0.03
0.6218628883361816,-1.19,0.14,0.15
0.6324529647827148,-1.1,0.17,0.26
0.6422140598297119,-0.95,0.21,0.34
0.6584041118621826,-0.78,0.24,0.39
0.6615190505981445,-0.59,0.28,0.41
0.6718730926513672,-0.43,0.31,0.4
0.6817960739135742,-0.3,0.34,0.36
0.6918830871582031,-0.23,0.37,0.3
0.7018520832061768,-0.22,0.4,0.21
0.7133069038391113,-0.26,0.43,0.12
0.7227721214294434,-0.36,0.46,0.03
0.7331562042236328,-0.49,0.48,-0.05
0.743074893951416,-0.64,0.51,-0.11
0.7607431411743164,-0.8,0.53,-0.16
0.7631111145019531,-0.97,0.56,-0.18
0.7724452018737793,-1.13,0.59,-0.18
0.7825510501861572,-1.26,0.62,-0.16
0.792565107345581,-1.38,0.65,-0.11
0.8037300109863281,-1.48,0.68,-0.05
0.8135991096496582,-1.53,0.7,0.02
0.8236260414123535,-1.55,0.72,0.09
0.8338360786437988,-1.54,0.74,0.17
0.8589839935302734,-1.48,0.76,0.25
0.8608310222625732,-1.36,0.77,0.31
0.8629541397094727,-1.21,0.79,0.36
0.8730249404907227,-1.03,0.8,0.39
0.8832969665527344,-0.82,0.82,0.41
0.8933901786804199,-0.61,0.83,0.4
0.9033010005950928,-0.41,0.84,0.37
0.9144339561462402,-0.25,0.85,0.33
0.9241189956665039,-0.12,0.85,0.27
0.934502124786377,-0.05,0.86,0.2
0.9581561088562012,-0.02,0.86,0.12
0.9598801136016846,-0.04,0.86,0.04
0.9635200500488281,-0.1,0.86,-0.03
0.9738330841064453,-0.19,0.86,-0.1
0.9840679168701172,-0.3,0.85,-0.15
0.9941182136535645,-0.41,0.84,-0.19
1.0046041011810303,-0.52,0.84,-0.2
1.0149731636047363,-0.61,0.83,-0.2
1.025273084640503,-0.66,0.82,-0.19
1.0355160236358643,-0.67,0.81,-0.15
1.0612480640411377,-0.63,0.8,-0.1
1.0630390644073486,-0.55,0.79,-0.05
1.0651040077209473,-0.42,0.78,0.01
1.0747010707855225,-0.26,0.77,0.08
1.0847339630126953,-0.08,0.76,0.14
1.094801902770996,0.12,0.74,0.19
1.105639934539795,0.32,0.73,0.23
1.116030216217041,0.51,0.71,0.26
1.1258931159973145,0.68,0.69,0.28
1.1360950469970703,0.83,0.68,0.29
1.1605610847473145,0.93,0.66,0.28
1.162424087524414,1.0,0.64,0.27
1.164830207824707,1.02,0.61,0.26
1.1753759384155273,1.0,0.59,0.24
1.185230016708374,0.95,0.56,0.23
1.1955351829528809,0.87,0.54,0.22
1.2062339782714844,0.77,0.51,0.22
1.2164721488952637,0.68,0.48,0.22
1.2261691093444824,0.6,0.45,0.23
1.2365431785583496,0.53,0.42,0.24
1.2543702125549316,0.49,0.39,0.25
1.2561988830566406,0.49,0.36,0.26
1.2658629417419434,0.52,0.33,0.28
1.2760241031646729,0.59,0.3,0.29
1.285994052886963,0.68,0.27,0.31
1.2961039543151855,0.8,0.24,0.32
1.3071520328521729,0.91,0.21,0.33
1.3170840740203857,1.04,0.18,0.34
1.3264861106872559,1.15,0.15,0.35
1.337399959564209,1.24,0.11,0.34
1.355830192565918,1.3,0.08,0.33
1.3577721118927002,1.34,0.04,0.31
1.3667411804199219,1.35,0.0,0.29
1.3768630027770996,1.32,-0.03,0.26
1.3869280815124512,1.26,-0.07,0.25
1.3968501091003418,1.18,-0.11,0.23
1.406959056854248,1.1,-0.15,0.23
1.4175550937652588,1.01,-0.19,0.23
1.4274921417236328,0.94,-0.23,0.24
1.4379630088806152,0.89,-0.27,0.24
1.455935001373291,0.86,-0.31,0.24
1.4582180976867676,0.85,-0.35,0.25
1.4674701690673828,0.87,-0.39,0.25
1.47760009765625,0.91,-0.43,0.25
1.4875290393829346,0.96,-0.46,0.25
1.4975380897521973,1.02,-0.5,0.25
1.5076379776000977,1.09,-0.54,0.25
1.5185909271240234,1.16,-0.58,0.26
1.5278191566467285,1.22,-0.61,0.26
1.5390081405639648,1.28,-0.64,0.27
1.5561060905456543,1.33,-0.68,0.26
1.5583250522613525,1.34,-0.71,0.26
1.568100929260254,1.34,-0.74,0.24
1.578153133392334,1.3,-0.77,0.22
1.5884089469909668,1.23,-0.81,0.19
1.5983772277832031,1.15,-0.84,0.16
1.6085050106048584,1.06,-0.87,0.12
1.6195220947265625,0.97,-0.9,0.08
1.6293458938598633,0.88,-0.93,0.04
1.6525402069091797,0.8,-0.97,-0.02
1.6544089317321777,0.73,-0.99,-0.07
1.6581830978393555,0.68,-1.02,-0.13
1.66892409324646,0.64,-1.04,-0.17
1.678868055343628,0.61,-1.07,-0.22
1.6891350746154785,0.59,-1.09,-0.25
1.6990399360656738,0.58,-1.11,-0.27
1.7105560302734375,0.57,-1.13,-0.29
1.7202560901641846,0.56,-1.15,-0.3
1.7301669120788574,0.55,-1.16,-0.31
1.75217604637146,0.53,-1.17,-0.31
1.7538950443267822,0.49,-1.18,-0.31
1.7595360279083252,0.44,-1.19,-0.31
1.769592046737671,0.38,-1.2,-0.31
1.779637098312378,0.29,-1.21,-0.3
1.7895920276641846,0.2,-1.21,-0.3
1.799839973449707,0.1,-1.22,-0.29
1.8107490539550781,0.0,-1.22,-0.29
1.821044921875,-0.1,-1.22,-0.28
1.8316540718078613,-0.2,-1.22,-0.28
1.8544480800628662,-0.29,-1.21,-0.28
1.8561110496520996,-0.36,-1.21,-0.28
1.860011100769043,-0.42,-1.2,-0.28
1.8701040744781494,-0.47,-1.19,-0.28
1.8803339004516602,-0.5,-1.17,-0.27
1.890552043914795,-0.52,-1.16,-0.26
1.9003870487213135,-0.52,-1.14,-0.25
1.9104981422424316,-0.52,-1.12,-0.23
1.9217000007629395,-0.51,-1.1,-0.21
1.9317960739135742,-0.5,-1.08,-0.18
1.955435037612915,-0.5,-1.06,-0.14
1.9572439193725586,-0.51,-1.03,-0.1
1.9609451293945312,-0.54,-1.0,-0.06
1.9711060523986816,-0.59,-0.97,0.0
1.9811248779296875,-0.67,-0.95,0.06
1.9915099143981934,-0.78,-0.92,0.12
2.0011491775512695,-0.9,-0.89,0.19
2.0113871097564697,-1.02,-0.85,0.27
2.022426128387451,-1.15,-0.82,0.34
2.032255172729492,-1.27,-0.79,0.42
2.049675941467285,-1.36,-0.76,0.5
2.051194190979004,-1.43,-0.73,0.59
2.061735153198242,-1.46,-0.69,0.67
2.0717811584472656,-1.46,-0.66,0.74
2.0819411277770996,-1.43,-0.63,0.8
2.0919179916381836,-1.39,-0.59,0.85
2.1030170917510986,-1.34,-0.56,0.89
2.1130051612854004,-1.29,-0.52,0.92
2.1232450008392334,-1.24,-0.49,0.95
2.133167028427124,-1.2,-0.45,0.97
2.1510660648345947,-1.18,-0.41,0.98
2.1529321670532227,-1.18,-0.38,0.99
2.162276029586792,-1.18,-0.34,0.99
2.1725621223449707,-1.19,-0.3,1.0
2.1826210021972656,-1.21,-0.26,1.01
2.1934220790863037,-1.23,-0.22,1.02
2.203986167907715,-1.24,-0.18,1.03
2.2133140563964844,-1.25,-0.14,1.04
2.2238831520080566,-1.24,-0.1,1.05
2.233459949493408,-1.23,-0.05,1.05
2.2508091926574707,-1.2,-0.01,1.05
2.252838134765625,-1.17,0.03,1.04
2.263193130493164,-1.14,0.07,1.02
2.2731409072875977,-1.11,0.12,1.0
2.283328056335449,-1.08,0.16,0.96
2.2933390140533447,-1.05,0.21,0.92
2.3044700622558594,-1.03,0.26,0.88
2.3142549991607666,-1.01,0.31,0.83
2.324402093887329,-0.99,0.35,0.77
2.3345680236816406,-0.99,0.4,0.72
2.3539810180664062,-0.99,0.44,0.66
2.355958938598633,-1.0,0.49,0.6
2.3638710975646973,-1.0,0.54,0.54
2.3738389015197754,-1.0,0.59,0.49
2.3841729164123535,-0.98,0.64,0.44
2.3941569328308105,-0.95,0.69,0.4
2.4047908782958984,-0.9,0.74,0.36
2.415262222290039,-0.83,0.79,0.33
2.4248900413513184,-0.76,0.84,0.3
2.450416088104248,-0.67,0.89,0.27
2.452558994293213,-0.59,0.94,0.25
2.454623222351074,-0.51,0.99,0.22
2.4681129455566406,-0.43,1.04,0.2
2.474705219268799,-0.35,1.09,0.19
2.484720230102539,-0.27,1.13,0.17
2.494899034500122,-0.18,1.18,0.14
2.5055131912231445,-0.1,1.23,0.11
2.516252040863037,-0.03,1.27,0.08
2.5258090496063232,0.04,1.31,0.03
2.5500612258911133,0.11,1.35,-0.03
2.5522799491882324,0.18,1.4,-0.1
2.5552000999450684,0.24,1.43,-0.18
2.567171096801758,0.29,1.46,-0.25
2.575408935546875,0.34,1.5,-0.33
2.586160182952881,0.39,1.53,-0.39
2.596613883972168,0.45,1.56,-0.44
2.606243133544922,0.5,1.58,-0.49
2.6168951988220215,0.56,1.61,-0.52
2.6265201568603516,0.63,1.63,-0.53
2.6508569717407227,0.69,1.65,-0.53
2.6532371044158936,0.75,1.67,-0.51
2.655471086502075,0.8,1.69,-0.47
2.6687889099121094,0.85,1.71,-0.42
2.6761741638183594,0.89,1.72,-0.35
2.6862659454345703,0.92,1.73,-0.27
2.6972920894622803,0.94,1.74,-0.2
2.707174062728882,0.97,1.75,-0.14
2.7174580097198486,1.0,1.76,-0.1
2.7268381118774414,1.04,1.76,-0.07
2.7531580924987793,1.08,1.77,-0.07
2.75518798828125,1.13,1.77,-0.08
2.7567460536956787,1.17,1.77,-0.11
2.768362045288086,1.19,1.77,-0.15
2.7767839431762695,1.2,1.75,-0.18
2.78786301612854,1.19,1.74,-0.22
2.7978830337524414,1.17,1.72,-0.25
2.807760000228882,1.13,1.7,-0.28
2.8179049491882324,1.08,1.68,-0.3
2.827893018722534,1.02,1.65,-0.31
2.846440076828003,0.95,1.62,-0.31
2.8488059043884277,0.88,1.59,-0.3
2.8574461936950684,0.82,1.56,-0.27
2.867561101913452,0.76,1.53,-0.23
2.8776731491088867,0.71,1.49,-0.17
2.8875222206115723,0.68,1.45,-0.09
2.898773193359375,0.66,1.41,-0.01
2.9079809188842773,0.66,1.36,0.08
2.918492078781128,0.68,1.32,0.17
2.9287571907043457,0.72,1.27,0.26
2.9477829933166504,0.77,1.23,0.34
2.950028896331787,0.82,1.18,0.41
2.958174228668213,0.88,1.13,0.48
2.9688520431518555,0.93,1.08,0.54
2.9783689975738525,0.96,1.02,0.59
2.9883921146392822,0.99,0.97,0.63
2.9995760917663574,1.0,0.92,0.66
3.009265899658203,0.99,0.86,0.69
3.0191869735717773,0.99,0.8,0.71
3.029468059539795,0.97,0.74,0.72
3.0472922325134277,0.96,0.68,0.73
3.0495052337646484,0.94,0.62,0.73
3.058795928955078,0.91,0.56,0.73
3.0686891078948975,0.87,0.5,0.73
3.0789170265197754,0.83,0.44,0.73
3.089125156402588,0.78,0.38,0.74
3.0999391078948975,0.74,0.31,0.76
3.109687089920044,0.7,0.25,0.78
3.120481014251709,0.69,0.19,0.82
3.130305051803589,0.69,0.13,0.86
3.1487932205200195,0.71,0.07,0.91
3.1506781578063965,0.74,0.01,0.97
3.1596250534057617,0.77,-0.04,1.02
3.1697158813476562,0.8,-0.09,1.06
3.1796069145202637,0.82,-0.15,1.08
3.1905860900878906,0.83,-0.2,1.08
3.200796127319336,0.82,-0.25,1.06
3.2109880447387695,0.79,-0.3,1.01
3.221374988555908,0.76,-0.36,0.95
3.24436616897583,0.72,-0.41,0.86
3.246890068054199,0.66,-0.46,0.76
3.2499001026153564,0.59,-0.52,0.64
3.26025390625,0.52,-0.57,0.53
3.2704639434814453,0.45,-0.62,0.41
3.2803750038146973,0.36,-0.67,0.3
3.2907562255859375,0.28,-0.72,0.2
3.30059814453125,0.2,-0.78,0.12
3.3118062019348145,0.13,-0.83,0.05
3.3215689659118652,0.08,-0.87,0.0
3.3448829650878906,0.04,-0.92,-0.05
3.3472280502319336,0.01,-0.96,-0.07
3.3505702018737793,-0.01,-1.01,-0.08
3.360924005508423,-0.03,-1.04,-0.09
3.3711390495300293,-0.04,-1.08,-0.09
3.381265163421631,-0.07,-1.12,-0.08
3.3912949562072754,-0.08,-1.16,-0.07
3.4022440910339355,-0.1,-1.19,-0.07
3.4120001792907715,-0.13,-1.22,-0.07
3.4222512245178223,-0.17,-1.25,-0.07
3.4456229209899902,-0.22,-1.29,-0.09
3.4479289054870605,-0.29,-1.31,-0.13
3.451256036758423,-0.38,-1.34,-0.17
3.461789131164551,-0.49,-1.37,-0.22
3.471914052963257,-0.6,-1.39,-0.28
3.4819700717926025,-0.73,-1.41,-0.34
3.4919140338897705,-0.86,-1.43,-0.4
3.5021350383758545,-0.99,-1.45,-0.46
3.5121750831604004,-1.11,-1.46,-0.5
3.523207187652588,-1.22,-1.47,-0.53
3.5456361770629883,-1.3,-1.48,-0.55
3.54780912399292,-1.38,-1.48,-0.56
3.5518898963928223,-1.43,-1.48,-0.55
3.5625410079956055,-1.48,-1.47,-0.54
3.5725040435791016,-1.52,-1.47,-0.51
3.582670211791992,-1.57,-1.47,-0.49
3.592625141143799,-1.61,-1.46,-0.45
3.6037840843200684,-1.66,-1.45,-0.42
3.6134860515594482,-1.7,-1.45,-0.38
3.6236801147460938,-1.75,-1.43,-0.34
3.640003204345703,-1.79,-1.43,-0.29
3.6426119804382324,-1.83,-1.42,-0.24
3.653191089630127,-1.86,-1.4,-0.18
3.6633119583129883,-1.88,-1.39,-0.12
3.6733510494232178,-1.9,-1.38,-0.05
3.6834359169006348,-1.91,-1.36,0.01
3.694459915161133,-1.9,-1.35,0.08
3.7042388916015625,-1.88,-1.33,0.14
3.71445894241333,-1.85,-1.32,0.21
3.7245090007781982,-1.81,-1.3,0.26
3.7405428886413574,-1.76,-1.29,0.31
3.7433829307556152,-1.72,-1.27,0.34
3.753995895385742,-1.68,-1.26,0.37
3.7640750408172607,-1.63,-1.24,0.39
3.7741851806640625,-1.6,-1.21,0.4
3.7840330600738525,-1.57,-1.2,0.4
3.794114112854004,-1.54,-1.18,0.41
3.805169105529785,-1.51,-1.15,0.41
3.8154520988464355,-1.46,-1.13,0.41
3.8250770568847656,-1.41,-1.1,0.41
3.844204902648926,-1.34,-1.08,0.42
3.84651517868042,-1.27,-1.05,0.41
3.8547370433807373,-1.19,-1.02,0.4
3.8647561073303223,-1.1,-0.99,0.39
3.874718189239502,-0.99,-0.96,0.39
3.884895086288452,-0.88,-0.92,0.38
3.894759178161621,-0.78,-0.89,0.38
3.9060850143432617,-0.67,-0.85,0.39
3.915807008743286,-0.56,-0.82,0.39
3.925842046737671,-0.45,-0.78,0.39
3.9436960220336914,-0.34,-0.74,0.38
3.9456229209899902,-0.22,-0.69,0.36
3.9553580284118652,-0.12,-0.66,0.33
3.9655280113220215,-0.02,-0.61,0.28
3.9755311012268066,0.06,-0.56,0.22
3.985645055770874,0.13,-0.52,0.17
3.9967379570007324,0.18,-0.48,0.11
4.006470203399658,0.22,-0.43,0.05
4.016879081726074,0.25,-0.39,0.0
4.041106224060059,0.28,-0.33,-0.05
4.043020009994507,0.32,-0.29,-0.1
4.045460224151611,0.36,-0.24,-0.17
4.055943012237549,0.41,-0.2,-0.23
4.066210031509399,0.47,-0.15,-0.3
4.07616400718689,0.54,-0.1,-0.37
4.086261034011841,0.62,-0.06,-0.44
4.097539901733398,0.69,-0.01,-0.49
4.1071250438690186,0.77,0.03,-0.53
4.117674112319946,0.83,0.07,-0.56
4.142405033111572,0.9,0.12,-0.57
4.144076108932495,0.96,0.16,-0.57
4.14664888381958,1.02,0.2,-0.58
4.156793117523193,1.07,0.24,-0.58
4.1669440269470215,1.12,0.27,-0.59
4.177001953125,1.18,0.31,-0.61
4.186883926391602,1.25,0.34,-0.63
4.198130130767822,1.31,0.38,-0.65
4.207971096038818,1.39,0.41,-0.68
4.218430042266846,1.47,0.44,-0.69
4.240987062454224,1.56,0.48,-0.7
4.242948055267334,1.65,0.5,-0.71
4.2468390464782715,1.74,0.53,-0.72
4.257395029067993,1.83,0.56,-0.72
4.267611026763916,1.91,0.59,-0.73
4.277594089508057,1.98,0.61,-0.73
4.2884440422058105,2.02,0.64,-0.73
4.298845052719116,2.05,0.66,-0.73
4.308648109436035,2.05,0.68,-0.72
4.319104194641113,2.03,0.7,-0.71
4.344630002975464,1.98,0.72,-0.69
4.346388101577759,1.92,0.74,-0.66
4.3483710289001465,1.84,0.76,-0.63
4.3584370613098145,1.76,0.78,-0.59
4.36829400062561,1.68,0.8,-0.55
4.378375053405762,1.61,0.82,-0.5
4.3894829750061035,1.55,0.84,-0.46
4.399403095245361,1.5,0.86,-0.42
4.409382104873657,1.45,0.88,-0.38
4.419456958770752,1.42,0.9,-0.35
4.438282012939453,1.38,0.91,-0.31
4.440192222595215,1.34,0.93,-0.28
4.448966979980469,1.31,0.94,-0.25
4.458950042724609,1.27,0.95,-0.23
4.469083070755005,1.24,0.97,-0.21
4.480183124542236,1.19,0.98,-0.19
4.489810943603516,1.14,0.99,-0.17
4.500153064727783,1.08,1.0,-0.15
4.50938606262207,0.99,1.0,-0.13
4.520270109176636,0.89,1.01,-0.1
4.538264036178589,0.78,1.01,-0.08
4.540163040161133,0.65,1.02,-0.05
4.549398899078369,0.52,1.02,-0.01
4.559612035751343,0.4,1.02,0.02
4.5697221755981445,0.27,1.03,0.06
4.580992221832275,0.16,1.03,0.11
4.5903050899505615,0.05,1.03,0.14
4.600481986999512,-0.06,1.03,0.17
4.610475063323975,-0.16,1.03,0.19
4.621527194976807,-0.26,1.02,0.2
4.641005039215088,-0.35,1.01,0.21
4.6427130699157715,-0.44,1.0,0.21
4.650146961212158,-0.51,1.0,0.19
4.660646915435791,-0.59,0.99,0.18
4.67061710357666,-0.65,0.98,0.16
4.680568218231201,-0.71,0.97,0.14
4.690582036972046,-0.77,0.96,0.13
4.700654983520508,-0.83,0.95,0.11
4.7112510204315186,-0.9,0.93,0.09
4.721518039703369,-0.97,0.92,0.07
4.739094018936157,-1.06,0.91,0.05
4.741448879241943,-1.15,0.9,0.03
4.751016139984131,-1.25,0.88,0.0
4.761137008666992,-1.34,0.87,-0.01
4.771251201629639,-1.43,0.85,-0.03
4.781206130981445,-1.53,0.84,-0.06
4.791467189788818,-1.62,0.83,-0.11
4.802131175994873,-1.72,0.81,-0.16
4.812232971191406,-1.81,0.8,-0.22
4.835097074508667,-1.88,0.79,-0.28
4.8367109298706055,-1.93,0.77,-0.33
4.841631889343262,-1.96,0.76,-0.38
4.851677894592285,-1.96,0.75,-0.43
4.861767053604126,-1.95,0.74,-0.46
4.871963024139404,-1.93,0.73,-0.5
4.8820271492004395,-1.92,0.72,-0.53
4.8929760456085205,-1.9,0.71,-0.57
4.90289306640625,-1.89,0.69,-0.59
4.913409233093262,-1.87,0.68,-0.61
4.93609094619751,-1.85,0.67,-0.62
4.938040018081665,-1.82,0.66,-0.63
4.9420671463012695,-1.79,0.65,-0.62
4.9524641036987305,-1.77,0.63,-0.62
4.962478160858154,-1.73,0.62,-0.6
4.972762107849121,-1.71,0.6,-0.59
4.983805179595947,-1.68,0.59,-0.57
4.993305206298828,-1.66,0.56,-0.54
5.004088878631592,-1.62,0.55,-0.51
5.014029026031494,-1.56,0.53,-0.48
5.0401270389556885,-1.49,0.51,-0.45
5.041877031326294,-1.42,0.48,-0.42
5.044223070144653,-1.33,0.46,-0.38
5.053241014480591,-1.24,0.44,-0.35
5.063292980194092,-1.13,0.42,-0.31
5.074388027191162,-1.03,0.39,-0.27
5.084400177001953,-0.91,0.37,-0.24
5.094275951385498,-0.8,0.34,-0.22
5.104538917541504,-0.69,0.32,-0.2
5.114861965179443,-0.58,0.29,-0.2
5.140676975250244,-0.48,0.26,-0.2
5.142270088195801,-0.39,0.23,-0.2
5.144543170928955,-0.31,0.2,-0.21
5.153838157653809,-0.24,0.17,-0.21
5.163959980010986,-0.17,0.14,-0.21
5.174154996871948,-0.11,0.12,-0.19
5.1841700077056885,-0.04,0.09,-0.17
5.195125102996826,0.04,0.06,-0.14
5.204843044281006,0.13,0.03,-0.11
5.215412139892578,0.23,0.0,-0.07
5.233046054840088,0.33,-0.02,-0.03
5.234518051147461,0.43,-0.05,0.02
5.24468207359314,0.53,-0.08,0.06
5.254752159118652,0.62,-0.1,0.11
5.264893054962158,0.71,-0.13,0.15
5.2747931480407715,0.79,-0.15,0.19
5.2859790325164795,0.86,-0.17,0.23
5.296133995056152,0.93,-0.2,0.26
5.305883884429932,1.0,-0.22,0.28
5.31660008430481,1.06,-0.24,0.29
5.335715055465698,1.11,-0.26,0.29
5.337447166442871,1.15,-0.28,0.27
5.34522008895874,1.18,-0.3,0.25
5.355201005935669,1.18,-0.32,0.22
5.365549087524414,1.18,-0.34,0.19
5.376434087753296,1.17,-0.36,0.16
5.386399030685425,1.17,-0.38,0.15
5.39677619934082,1.18,-0.41,0.14
5.406713008880615,1.2,-0.43,0.15
5.4168291091918945,1.23,-0.44,0.17
5.434967041015625,1.28,-0.46,0.19
5.43693208694458,1.33,-0.48,0.22
5.446155071258545,1.38,-0.49,0.25
5.4561052322387695,1.42,-0.51,0.29
5.466320037841797,1.46,-0.53,0.33
5.476267099380493,1.5,-0.54,0.38
5.487604141235352,1.55,-0.56,0.44
5.497589111328125,1.6,-0.57,0.5
5.507291078567505,1.66,-0.58,0.56
5.517524003982544,1.72,-0.58,0.61
5.535914897918701,1.76,-0.59,0.65
5.537754058837891,1.77,-0.59,0.67
5.5466179847717285,1.76,-0.6,0.68
5.556885004043579,1.75,-0.61,0.67
5.567047119140625,1.73,-0.61,0.65
5.578052997589111,1.71,-0.62,0.61
5.587999105453491,1.69,-0.62,0.57
5.59822416305542,1.67,-0.63,0.52
5.607950210571289,1.64,-0.63,0.46
5.632683038711548,1.6,-0.64,0.39
5.634790897369385,1.55,-0.64,0.31
5.6373450756073,1.49,-0.65,0.24
5.652410984039307,1.42,-0.66,0.17
5.657465934753418,1.34,-0.67,0.1
5.667769908905029,1.26,-0.68,0.06
5.67781400680542,1.18,-0.69,0.02
5.688322067260742,1.1,-0.69,0.01
5.699036121368408,1.01,-0.69,0.0
5.7091100215911865,0.93,-0.7,0.02
5.734090089797974,0.83,-0.7,0.04
5.736007213592529,0.74,-0.7,0.07
5.737994194030762,0.66,-0.7,0.1
5.752076148986816,0.57,-0.71,0.13
5.758286952972412,0.49,-0.7,0.16
5.768228054046631,0.42,-0.71,0.19
5.779621124267578,0.35,-0.7,0.2
5.7890520095825195,0.28,-0.7,0.2
5.799315929412842,0.2,-0.7,0.2
5.8095831871032715,0.11,-0.7,0.18
5.834958076477051,0.03,-0.69,0.16
5.837075233459473,-0.05,-0.69,0.13
5.838809967041016,-0.15,-0.68,0.1
5.851128101348877,-0.23,-0.68,0.07
5.85913610458374,-0.32,-0.67,0.05
5.869067192077637,-0.41,-0.66,0.03
5.880463123321533,-0.5,-0.65,0.01
5.8901050090789795,-0.6,-0.64,0.0
5.9003071784973145,-0.69,-0.63,0.0
5.909980058670044,-0.78,-0.62,0.01
5.935132026672363,-0.86,-0.61,0.02
5.9374840259552,-0.94,-0.59,0.05
5.939224004745483,-1.01,-0.57,0.08
5.9520180225372314,-1.07,-0.55,0.12
5.9599010944366455,-1.12,-0.53,0.17
5.969742059707642,-1.16,-0.51,0.21
5.979813098907471,-1.18,-0.49,0.24
5.990960121154785,-1.21,-0.47,0.27
6.00120210647583,-1.24,-0.44,0.29
6.010632038116455,-1.29,-0.42,0.29
6.029727935791016,-1.35,-0.4,0.28
6.031650066375732,-1.43,-0.37,0.25
6.0405189990997314,-1.52,-0.35,0.22
6.050310134887695,-1.62,-0.33,0.18
6.060490131378174,-1.72,-0.3,0.14
6.0706260204315186,-1.82,-0.28,0.1
6.0818400382995605,-1.91,-0.25,0.07
6.091421127319336,-1.98,-0.22,0.05
6.101579189300537,-2.03,-0.2,0.04
6.111304998397827,-2.06,-0.17,0.05
6.130023956298828,-2.06,-0.14,0.07
6.131840229034424,-2.05,-0.12,0.1
6.141223907470703,-2.01,-0.09,0.13
6.1510701179504395,-1.95,-0.06,0.17
6.161279201507568,-1.88,-0.04,0.21
6.171392917633057,-1.81,-0.01,0.23
6.1825110912323,-1.74,0.01,0.25
6.192032098770142,-1.67,0.03,0.25
6.202087879180908,-1.61,0.05,0.24
6.212404012680054,-1.56,0.07,0.23
6.230388164520264,-1.52,0.09,0.21
6.23206901550293,-1.49,0.11,0.19
6.241962909698486,-1.46,0.13,0.16
6.2517290115356445,-1.43,0.15,0.13
6.261890888214111,-1.4,0.17,0.11
6.272097110748291,-1.37,0.18,0.09
6.282196998596191,-1.33,0.2,0.07
6.293256998062134,-1.28,0.22,0.06
6.302661895751953,-1.22,0.24,0.06
6.3130340576171875,-1.15,0.26,0.06
6.331089019775391,-1.06,0.27,0.07
6.333385944366455,-0.95,0.29,0.08
6.342554092407227,-0.82,0.31,0.09
6.352643013000488,-0.68,0.33,0.1
6.362512111663818,-0.53,0.34,0.1
6.373484134674072,-0.39,0.36,0.1
6.3835530281066895,-0.25,0.38,0.09
6.393488883972168,-0.12,0.4,0.08
6.40398907661438,0.0,0.41,0.06
6.4298481941223145,0.09,0.42,0.03
6.431673049926758,0.17,0.44,0.0
6.433770179748535,0.24,0.45,-0.02
6.452122211456299,0.3,0.46,-0.06
6.453804016113281,0.34,0.47,-0.1
6.4690210819244385,0.38,0.48,-0.13
6.473681926727295,0.4,0.5,-0.16
6.484178066253662,0.43,0.5,-0.18
6.494504928588867,0.45,0.51,-0.2
6.504859924316406,0.48,0.52,-0.21
6.529759883880615,0.52,0.53,-0.21
6.531806945800781,0.58,0.54,-0.2
6.533567905426025,0.65,0.55,-0.18
6.552103042602539,0.74,0.56,-0.17
6.553728103637695,0.85,0.56,-0.14
6.5686891078948975,0.96,0.57,-0.12
6.574183940887451,1.08,0.58,-0.09
6.5848588943481445,1.2,0.58,-0.06
6.594728946685791,1.33,0.59,-0.03
6.604970932006836,1.44,0.59,0.0
6.629465103149414,1.54,0.6,0.02
6.631548881530762,1.63,0.6,0.05
6.634331226348877,1.7,0.6,0.06
6.651463031768799,1.75,0.6,0.06
6.654538154602051,1.78,0.6,0.06
6.6667160987854,1.78,0.6,0.06
6.6753740310668945,1.77,0.6,0.05
6.685740947723389,1.74,0.59,0.05
6.69545316696167,1.72,0.59,0.05
6.705956935882568,1.71,0.58,0.07
6.730975151062012,1.71,0.58,0.09
6.732640027999878,1.72,0.57,0.11
6.735143184661865,1.74,0.56,0.13
6.751786231994629,1.78,0.56,0.14
6.755275011062622,1.81,0.55,0.14
6.7674400806427,1.84,0.54,0.14
6.775424957275391,1.87,0.54,0.14
6.786526203155518,1.89,0.53,0.15
6.796553134918213,1.9,0.52,0.16
6.806579113006592,1.89,0.51,0.19
6.8253679275512695,1.87,0.5,0.21
6.827603101730347,1.82,0.5,0.24
6.836160182952881,1.75,0.49,0.27
6.846370220184326,1.66,0.48,0.28
6.856386184692383,1.55,0.47,0.29
6.8677802085876465,1.42,0.46,0.28
6.8775200843811035,1.29,0.45,0.27
6.887166976928711,1.14,0.44,0.26
6.897619009017944,1.01,0.42,0.25
6.907519102096558,0.88,0.41,0.24
6.924674034118652,0.77,0.39,0.23
6.926909923553467,0.67,0.38,0.21
6.936906099319458,0.59,0.36,0.2
6.946852207183838,0.53,0.34,0.18
6.957043170928955,0.47,0.33,0.16
6.967083930969238,0.42,0.31,0.13
6.978518962860107,0.37,0.29,0.11
6.988150119781494,0.33,0.27,0.1
6.998131036758423,0.27,0.25,0.09
7.0083301067352295,0.2,0.23,0.08
7.026020050048828,0.13,0.21,0.08
7.028203964233398,0.04,0.18,0.08
7.037619113922119,-0.06,0.16,0.08
7.047485113143921,-0.17,0.14,0.08
7.05755615234375,-0.29,0.12,0.08
7.067676067352295,-0.4,0.09,0.08
7.078884124755859,-0.53,0.07,0.06
7.088392019271851,-0.64,0.04,0.04
7.099361896514893,-0.76,0.02,0.02
7.108489036560059,-0.86,0.0,-0.01
7.128213882446289,-0.95,-0.03,-0.05
7.130425930023193,-1.03,-0.05,-0.08
7.138473033905029,-1.08,-0.07,-0.11
7.148309230804443,-1.12,-0.1,-0.13
7.158237934112549,-1.14,-0.11,-0.16
7.169758081436157,-1.15,-0.13,-0.18
7.17898416519165,-1.15,-0.15,-0.2
7.189483165740967,-1.15,-0.17,-0.23
7.200202941894531,-1.14,-0.19,-0.25
7.2254838943481445,-1.15,-0.2,-0.26
7.227232933044434,-1.16,-0.21,-0.27
7.2292420864105225,-1.19,-0.23,-0.27
7.23901891708374,-1.24,-0.24,-0.27
7.2490739822387695,-1.3,-0.25,-0.25
7.260083198547363,-1.37,-0.26,-0.23
7.270173072814941,-1.44,-0.28,-0.21
7.279819011688232,-1.53,-0.28,-0.18
7.290175914764404,-1.61,-0.3,-0.17
7.300796985626221,-1.68,-0.31,-0.16
7.3261330127716064,-1.74,-0.31,-0.16
7.32777214050293,-1.78,-0.33,-0.17
7.329798221588135,-1.81,-0.34,-0.19
7.339457035064697,-1.81,-0.35,-0.23
7.349792957305908,-1.8,-0.35,-0.27
7.360924005508423,-1.77,-0.36,-0.31
7.370748996734619,-1.73,-0.37,-0.35
7.3804521560668945,-1.69,-0.37,-0.4
7.390684127807617,-1.64,-0.38,-0.44
7.400896072387695,-1.59,-0.38,-0.46
7.425893068313599,-1.55,-0.38,-0.47
7.427649021148682,-1.5,-0.39,-0.46
7.430126190185547,-1.45,-0.39,-0.44
7.440403938293457,-1.41,-0.39,-0.4
7.450683116912842,-1.36,-0.39,-0.35
7.461693048477173,-1.32,-0.4,-0.3
7.4710822105407715,-1.27,-0.4,-0.23
7.481863021850586,-1.22,-0.41,-0.17
7.491156101226807,-1.17,-0.41,-0.11
7.501920223236084,-1.11,-0.42,-0.06
7.527669906616211,-1.04,-0.42,-0.02
7.529329061508179,-0.96,-0.43,0.01
7.531328201293945,-0.88,-0.43,0.03
7.54102897644043,-0.79,-0.43,0.03
7.551109075546265,-0.71,-0.43,0.03
7.562361001968384,-0.62,-0.44,0.01
7.571956157684326,-0.53,-0.44,-0.01
7.5825018882751465,-0.45,-0.44,-0.04
7.591958045959473,-0.37,-0.44,-0.07
7.60274600982666,-0.29,-0.43,-0.1
7.621561050415039,-0.2,-0.43,-0.13
7.623287200927734,-0.12,-0.43,-0.15
7.631725072860718,-0.04,-0.43,-0.17
7.641838073730469,0.05,-0.42,-0.17
7.651782989501953,0.13,-0.42,-0.17
7.663227081298828,0.2,-0.41,-0.16
7.672628879547119,0.27,-0.41,-0.14
7.683181047439575,0.33,-0.4,-0.12
7.692687034606934,0.4,-0.39,-0.08
7.703635215759277,0.46,-0.38,-0.05
7.722377061843872,0.51,-0.37,-0.01
7.724286079406738,0.57,-0.36,0.02
7.732562065124512,0.62,-0.35,0.05
7.74268102645874,0.67,-0.34,0.07
7.753875017166138,0.72,-0.32,0.08
7.763710975646973,0.77,-0.31,0.07
7.773343086242676,0.81,-0.3,0.05
7.783976078033447,0.85,-0.28,0.01
7.793251037597656,0.88,-0.27,-0.05
7.804181098937988,0.9,-0.26,-0.12
7.823332071304321,0.93,-0.25,-0.18
7.825236082077026,0.96,-0.24,-0.24
7.8331520557403564,0.99,-0.23,-0.29
7.8432910442352295,1.03,-0.22,-0.33
7.8536200523376465,1.09,-0.2,-0.34
7.86325216293335,1.17,-0.19,-0.34
7.873572111129761,1.27,-0.18,-0.32
7.884911060333252,1.38,-0.17,-0.29
7.894186973571777,1.49,-0.15,-0.25
7.90485405921936,1.6,-0.14,-0.19
7.92314600944519,1.71,-0.12,-0.12
7.925502061843872,1.8,-0.1,-0.05
7.933938026428223,1.88,-0.09,0.02
7.944029092788696,1.95,-0.07,0.08
7.954195022583008,1.99,-0.05,0.14
7.964145183563232,2.01,-0.02,0.18
7.974222183227539,2.01,-0.01,0.2
7.985613107681274,1.98,0.01,0.21
7.994661092758179,1.92,0.03,0.21
8.021069049835205,1.87,0.05,0.19
8.02284288406372,1.81,0.06,0.15
8.024903059005737,1.74,0.08,0.1
8.034603118896484,1.68,0.09,0.05
8.044795036315918,1.62,0.1,-0.02
8.054944038391113,1.56,0.11,-0.08
8.066006183624268,1.51,0.12,-0.15
8.07548999786377,1.45,0.13,-0.2
8.086255073547363,1.4,0.14,-0.22
8.09566593170166,1.36,0.15,-0.23
8.12267804145813,1.32,0.15,-0.21
8.12441110610962,1.29,0.16,-0.19
8.126488208770752,1.26,0.17,-0.14
8.135351181030273,1.22,0.18,-0.09
8.14541506767273,1.17,0.19,-0.03
8.155708074569702,1.1,0.21,0.04
8.166776180267334,1.02,0.22,0.09
8.17567491531372,0.93,0.23,0.15
8.186968088150024,0.82,0.24,0.2
8.196494102478027,0.71,0.25,0.24
8.222031116485596,0.58,0.26,0.27
8.223817110061646,0.47,0.27,0.28
8.225845098495483,0.35,0.28,0.28
8.236062049865723,0.22,0.29,0.27
8.24618411064148,0.1,0.29,0.24
8.256350994110107,-0.02,0.3,0.2
8.267258167266846,-0.13,0.3,0.16
8.27673602104187,-0.24,0.31,0.11
8.287596225738525,-0.34,0.31,0.06
8.29737901687622,-0.43,0.31,0.02
8.322441101074219,-0.51,0.31,-0.01
8.324153900146484,-0.58,0.32,-0.02
8.326596021652222,-0.65,0.32,-0.04
8.336704015731812,-0.72,0.33,-0.04
8.346849918365479,-0.8,0.33,-0.02
8.35703420639038,-0.87,0.33,-0.01
8.367862224578857,-0.94,0.33,0.01
8.378331184387207,-1.02,0.34,0.04
8.387887954711914,-1.1,0.34,0.05
8.398413181304932,-1.18,0.33,0.07
8.41553807258606,-1.26,0.33,0.07
8.417264938354492,-1.34,0.34,0.07
8.42748498916626,-1.41,0.34,0.06
8.437663078308105,-1.47,0.33,0.05
8.447632074356079,-1.52,0.33,0.03
8.45894718170166,-1.57,0.33,0.0
8.46850299835205,-1.62,0.33,-0.04
8.479085922241211,-1.66,0.33,-0.08
8.488932132720947,-1.71,0.33,-0.14
8.499279022216797,-1.75,0.33,-0.2
8.517357110977173,-1.8,0.33,-0.25
8.51912808418274,-1.84,0.33,-0.31
8.52800703048706,-1.87,0.32,-0.36
8.538411140441895,-1.9,0.33,-0.41
8.548326969146729,-1.93,0.33,-0.44
8.55833911895752,-1.94,0.33,-0.46
8.56889295578003,-1.94,0.33,-0.46
8.57911205291748,-1.94,0.33,-0.45
8.589486122131348,-1.93,0.32,-0.43
8.600083112716675,-1.9,0.32,-0.39
8.620197057723999,-1.86,0.31,-0.36
8.621864080429077,-1.81,0.31,-0.31
8.62878704071045,-1.75,0.3,-0.28
8.639138221740723,-1.68,0.29,-0.25
8.650256156921387,-1.6,0.29,-0.22
8.659707069396973,-1.53,0.27,-0.2
8.670293092727661,-1.45,0.26,-0.19
8.680432081222534,-1.37,0.25,-0.2
8.689990043640137,-1.29,0.23,-0.21
8.70059609413147,-1.22,0.22,-0.23
8.718966960906982,-1.15,0.2,-0.25
8.720846176147461,-1.09,0.18,-0.27
8.72960090637207,-1.03,0.17,-0.29
8.73974323272705,-0.97,0.15,-0.3
8.750010013580322,-0.9,0.14,-0.29
8.76094102859497,-0.83,0.12,-0.28
8.7711181640625,-0.75,0.11,-0.25
8.781008005142212,-0.66,0.09,-0.22
8.79088306427002,-0.57,0.08,-0.19
8.81727409362793,-0.46,0.06,-0.15
8.81938910484314,-0.35,0.05,-0.12
8.821134090423584,-0.24,0.03,-0.09
8.835193157196045,-0.13,0.02,-0.06
8.840415954589844,-0.01,0.0,-0.03
8.850816011428833,0.1,-0.01,-0.01
8.862040996551514,0.21,-0.03,0.02
8.87151288986206,0.31,-0.04,0.04
8.881978034973145,0.4,-0.05,0.05
8.891376972198486,0.48,-0.07,0.06
8.917080879211426,0.56,-0.09,0.06
8.918917179107666,0.62,-0.09,0.06
8.92089319229126,0.67,-0.11,0.06
8.934938907623291,0.71,-0.12,0.06
8.9410400390625,0.75,-0.13,0.06
8.951908111572266,0.78,-0.14,0.06
8.962029933929443,0.81,-0.15,0.06
8.972142219543457,0.84,-0.17,0.06
8.98260498046875,0.87,-0.17,0.06
8.992608070373535,0.91,-0.18,0.07
9.019373893737793,0.94,-0.19,0.07
9.021231174468994,0.97,-0.2,0.07
9.022708892822266,1.01,-0.2,0.07
9.033255100250244,1.05,-0.21,0.07
9.04281997680664,1.09,-0.22,0.06
9.052841186523438,1.14,-0.23,0.07
9.062653064727783,1.2,-0.24,0.06
9.072910070419312,1.26,-0.24,0.07
9.083142042160034,1.33,-0.25,0.08
9.092863082885742,1.4,-0.26,0.09
9.118993997573853,1.47,-0.26,0.12
9.121124029159546,1.53,-0.27,0.15
9.122764110565186,1.6,-0.27,0.18
9.135056972503662,1.66,-0.28,0.22
9.142643928527832,1.72,-0.28,0.26
9.1525559425354,1.77,-0.28,0.3
9.163989067077637,1.8,-0.28,0.33
9.173327922821045,1.81,-0.28,0.35
9.184104919433594,1.8,-0.29,0.36
9.193656921386719,1.76,-0.29,0.35
9.2133469581604,1.7,-0.3,0.33
9.215181112289429,1.63,-0.3,0.31
9.223427057266235,1.57,-0.31,0.27
9.235404014587402,1.51,-0.32,0.25
9.243346214294434,1.46,-0.33,0.22
9.253305912017822,1.43,-0.34,0.2
9.264595985412598,1.4,-0.35,0.18
9.274410009384155,1.39,-0.35,0.17
9.284672021865845,1.4,-0.36,0.17
9.29487419128418,1.41,-0.37,0.16
9.312047004699707,1.43,-0.37,0.17
9.314212083816528,1.46,-0.37,0.18
9.324018955230713,1.47,-0.37,0.19
9.334075927734375,1.46,-0.37,0.21
9.343923091888428,1.44,-0.37,0.22
9.355149030685425,1.38,-0.37,0.23
9.365272998809814,1.3,-0.37,0.23
9.374643087387085,1.19,-0.37,0.21
9.385479927062988,1.05,-0.37,0.2
9.396489143371582,0.89,-0.37,0.17
9.413294076919556,0.72,-0.37,0.14
9.415081977844238,0.54,-0.37,0.11
9.424580097198486,0.37,-0.37,0.09
9.435038089752197,0.21,-0.37,0.06
9.444691181182861,0.07,-0.37,0.04
9.455765008926392,-0.05,-0.37,0.02
9.466197967529297,-0.15,-0.37,0.01
9.476118087768555,-0.22,-0.36,0.01
9.486138105392456,-0.27,-0.36,0.0
9.49625301361084,-0.31,-0.35,0.0
9.514857053756714,-0.32,-0.34,0.0
9.51649808883667,-0.33,-0.34,0.01
9.525304079055786,-0.33,-0.33,0.03
9.535402059555054,-0.33,-0.31,0.05
9.546607971191406,-0.34,-0.3,0.07
9.556327104568481,-0.36,-0.29,0.1
9.56685209274292,-0.4,-0.28,0.13
9.576417922973633,-0.48,-0.26,0.14
9.587323188781738,-0.57,-0.25,0.15
9.611646175384521,-0.69,-0.23,0.16
9.613372087478638,-0.83,-0.22,0.15
9.61591100692749,-0.97,-0.21,0.15
9.626132011413574,-1.12,-0.19,0.13
9.636344909667969,-1.26,-0.17,0.11
9.647340059280396,-1.39,-0.15,0.08
9.65664291381836,-1.52,-0.13,0.05
9.667628049850464,-1.62,-0.1,0.02
9.677272081375122,-1.7,-0.08,-0.01
9.688090085983276,-1.76,-0.06,-0.04
9.712054014205933,-1.79,-0.03,-0.07
9.714128971099854,-1.8,0.0,-0.1
9.716732025146484,-1.81,0.03,-0.12
9.726847171783447,-1.8,0.06,-0.15
9.73686408996582,-1.79,0.09,-0.16
9.747795104980469,-1.79,0.12,-0.16
9.75773000717163,-1.8,0.15,-0.14
9.768322944641113,-1.83,0.18,-0.12
9.777992010116577,-1.87,0.21,-0.09
9.788321018218994,-1.91,0.24,-0.05
9.813898086547852,-1.97,0.26,-0.03
9.816062927246094,-2.02,0.28,0.0
9.817830085754395,-2.06,0.31,0.01
9.835245132446289,-2.09,0.33,0.0
9.837692022323608,-2.11,0.35,0.0
9.850695133209229,-2.11,0.37,-0.02
9.858467102050781,-2.08,0.39,-0.04
9.8682861328125,-2.04,0.41,-0.06
9.878795146942139,-1.98,0.43,-0.07
9.888797998428345,-1.89,0.44,-0.09
9.913461208343506,-1.78,0.46,-0.1
9.915672063827515,-1.64,0.48,-0.12
9.917789936065674,-1.49,0.49,-0.13
9.935240030288696,-1.32,0.51,-0.13
9.938345909118652,-1.16,0.52,-0.14
9.950536012649536,-0.99,0.54,-0.13
9.958597183227539,-0.84,0.55,-0.12
9.968512058258057,-0.7,0.56,-0.09
9.979916095733643,-0.59,0.57,-0.07
9.989673137664795,-0.51,0.58,-0.04
10.006547927856445,-0.45,0.59,0.0
10.008841037750244,-0.41,0.59,0.03
10.019107103347778,-0.37,0.6,0.06
10.028836011886597,-0.33,0.6,0.06
10.039130210876465,-0.29,0.61,0.06
10.049257040023804,-0.24,0.61,0.05
10.060112953186035,-0.18,0.61,0.02
10.070415019989014,-0.12,0.61,-0.01
10.080048084259033,-0.05,0.61,-0.03
10.090235233306885,0.02,0.61,-0.06
10.110349178314209,0.11,0.61,-0.09
10.112281084060669,0.2,0.61,-0.1
10.119684219360352,0.29,0.6,-0.11
10.12962293624878,0.39,0.6,-0.12
10.139787197113037,0.48,0.59,-0.12
10.150752067565918,0.57,0.58,-0.12
10.160467147827148,0.64,0.57,-0.11
10.17118215560913,0.71,0.56,-0.08
10.181637048721313,0.76,0.55,-0.05
10.191201210021973,0.81,0.53,0.0
10.210440158843994,0.86,0.52,0.05
10.212552070617676,0.92,0.51,0.12
10.220480918884277,0.97,0.5,0.18
10.230469226837158,1.04,0.49,0.25
10.241681098937988,1.1,0.48,0.3
10.251666069030762,1.17,0.47,0.35
10.261609077453613,1.25,0.46,0.39
10.271565914154053,1.33,0.44,0.42
10.282128095626831,1.42,0.43,0.44
10.291418075561523,1.53,0.42,0.46
10.310716152191162,1.63,0.41,0.48
10.312911987304688,1.72,0.4,0.5
10.321299076080322,1.81,0.39,0.52
10.331232070922852,1.88,0.38,0.54
10.342343091964722,1.93,0.36,0.56
10.352359056472778,1.96,0.35,0.58
10.361942052841187,1.98,0.34,0.6
10.372400999069214,1.98,0.33,0.63
10.382575035095215,1.97,0.32,0.67
10.408574104309082,1.96,0.3,0.7
10.410388946533203,1.93,0.29,0.74
10.412477016448975,1.9,0.28,0.78
10.421775102615356,1.87,0.28,0.81
10.432003021240234,1.85,0.26,0.83
10.441962003707886,1.83,0.25,0.84
10.453078031539917,1.82,0.24,0.83
10.462785005569458,1.82,0.23,0.79
10.47313117980957,1.81,0.22,0.73
10.483242988586426,1.79,0.2,0.66
10.509151935577393,1.77,0.19,0.58
10.51099705696106,1.72,0.17,0.49
10.51304292678833,1.66,0.16,0.4
10.522547006607056,1.58,0.14,0.32
10.534044027328491,1.48,0.12,0.24
10.543696880340576,1.37,0.09,0.18
10.55363416671753,1.24,0.07,0.13
10.563837051391602,1.11,0.05,0.1
10.573553085327148,0.97,0.03,0.06
10.584171056747437,0.83,0.01,0.04
10.608177185058594,0.68,-0.01,0.03
10.60991907119751,0.55,-0.04,0.03
10.613016128540039,0.42,-0.06,0.03
10.623446941375732,0.32,-0.08,0.05
10.6336190700531,0.24,-0.11,0.06
10.644499063491821,0.17,-0.13,0.09
10.654642105102539,0.12,-0.15,0.1
10.664467096328735,0.08,-0.17,0.1
10.674377918243408,0.04,-0.19,0.09
10.68508505821228,-0.01,-0.21,0.06
10.710317134857178,-0.06,-0.23,0.02
10.7120680809021,-0.13,-0.26,-0.03
10.714168071746826,-0.21,-0.29,-0.09
10.7241690158844,-0.3,-0.31,-0.15
10.734175205230713,-0.4,-0.33,-0.21
10.744174003601074,-0.51,-0.36,-0.27
10.755425930023193,-0.64,-0.38,-0.32
10.765684127807617,-0.76,-0.4,-0.37
10.774855136871338,-0.89,-0.42,-0.41
10.785988092422485,-1.02,-0.43,-0.45
10.805450916290283,-1.14,-0.45,-0.47
10.8072350025177,-1.25,-0.47,-0.48
10.81455111503601,-1.34,-0.48,-0.47
10.824847221374512,-1.4,-0.49,-0.45
10.835812091827393,-1.42,-0.49,-0.41
10.84560489654541,-1.42,-0.5,-0.35
10.855585098266602,-1.39,-0.5,-0.27
10.865925073623657,-1.35,-0.5,-0.2
10.875684022903442,-1.29,-0.5,-0.13
10.886175155639648,-1.24,-0.5,-0.08
10.903945922851562,-1.22,-0.5,-0.05
10.905760049819946,-1.23,-0.49,-0.05
10.915459156036377,-1.28,-0.49,-0.07
10.925471067428589,-1.38,-0.49,-0.12
10.936548233032227,-1.52,-0.49,-0.19
10.946144104003906,-1.68,-0.49,-0.26
10.956615924835205,-1.85,-0.48,-0.34
10.966989994049072,-2.01,-0.47,-0.42
10.97624921798706,-2.15,-0.46,-0.48
10.987082958221436,-2.27,-0.44,-0.52
11.006097078323364,-2.34,-0.42,-0.55
11.007872104644775,-2.36,-0.4,-0.55
11.016196012496948,-2.35,-0.38,-0.52
11.026191234588623,-2.29,-0.36,-0.48
11.036416053771973,-2.2,-0.35,-0.43
11.04734206199646,-2.08,-0.32,-0.37
11.056951999664307,-1.94,-0.31,-0.3
11.067523002624512,-1.79,-0.29,-0.24
11.077402114868164,-1.65,-0.28,-0.18
11.08816409111023,-1.52,-0.27,-0.13
11.10676908493042,-1.41,-0.25,-0.09
11.108854055404663,-1.33,-0.25,-0.06
11.11679220199585,-1.27,-0.24,-0.03
11.126952171325684,-1.24,-0.23,-0.02
11.13712215423584,-1.22,-0.22,-0.01
11.147522926330566,-1.22,-0.22,-0.01
11.157861232757568,-1.22,-0.21,0.0
11.167869091033936,-1.22,-0.2,0.0
11.178008079528809,-1.22,-0.2,-0.01
11.20404601097107,-1.2,-0.19,-0.01
11.206045150756836,-1.15,-0.18,-0.01
11.207510948181152,-1.08,-0.17,-0.01
11.217611074447632,-0.99,-0.17,-0.01
11.227771043777466,-0.86,-0.16,-0.02
11.23868989944458,-0.72,-0.14,-0.02
11.24849009513855,-0.57,-0.14,-0.02
11.258413076400757,-0.42,-0.12,-0.02
11.2694571018219,-0.28,-0.11,-0.01
11.278604984283447,-0.15,-0.11,-0.01
11.305963039398193,-0.02,-0.1,0.0
11.307651996612549,0.1,-0.09,0.01
11.309563159942627,0.21,-0.08,0.01
11.318158149719238,0.32,-0.07,0.01
11.328432083129883,0.41,-0.06,0.0
11.33939504623413,0.49,-0.05,0.0
11.34942102432251,0.55,-0.05,-0.01
11.35910415649414,0.59,-0.04,-0.01
11.369627952575684,0.62,-0.03,-0.02
11.37955904006958,0.65,-0.02,-0.01
11.405235052108765,0.67,-0.01,-0.02
11.406944036483765,0.71,0.0,-0.02
11.40874195098877,0.75,0.0,-0.02
11.419075965881348,0.8,0.01,-0.03
11.429079055786133,0.87,0.02,-0.04
11.439301013946533,0.95,0.03,-0.06
11.45028805732727,1.04,0.04,-0.06
11.46002721786499,1.15,0.05,-0.06
11.470540046691895,1.27,0.06,-0.04
11.480784893035889,1.4,0.07,-0.02
11.506514072418213,1.53,0.07,0.01
11.508203983306885,1.66,0.08,0.04
11.51028299331665,1.77,0.09,0.07
11.51977014541626,1.86,0.1,0.1
11.529683113098145,1.95,0.11,0.13
11.540925025939941,2.01,0.12,0.17
11.551110029220581,2.06,0.13,0.2
11.56050705909729,2.09,0.14,0.23
11.571182012557983,2.11,0.15,0.27
11.58163595199585,2.12,0.17,0.31
11.599906921386719,2.14,0.18,0.33
11.60177206993103,2.15,0.2,0.36
11.610435009002686,2.17,0.21,0.37
11.620459079742432,2.19,0.23,0.37
11.63056206703186,2.22,0.24,0.36
11.641786098480225,2.23,0.26,0.35
11.651702880859375,2.25,0.28,0.33
11.660685062408447,2.25,0.3,0.31
11.671962022781372,2.23,0.31,0.28
11.68215799331665,2.2,0.32,0.25
11.699633121490479,2.15,0.34,0.22
11.701545000076294,2.08,0.35,0.2
11.711013078689575,2.0,0.36,0.17
11.72126817703247,1.9,0.37,0.16
11.731313228607178,1.79,0.38,0.15
11.74145793914795,1.68,0.39,0.16
11.752295970916748,1.56,0.4,0.16
11.762063980102539,1.44,0.41,0.18
11.772394180297852,1.33,0.41,0.19
11.783119201660156,1.21,0.42,0.21
11.801659107208252,1.1,0.43,0.22
11.803503036499023,1.0,0.44,0.23
11.811753034591675,0.9,0.44,0.23
11.821937084197998,0.82,0.45,0.24
11.832751035690308,0.74,0.45,0.24
11.842560052871704,0.67,0.45,0.24
11.853267192840576,0.6,0.46,0.24
11.863290071487427,0.53,0.46,0.23
11.873210906982422,0.46,0.46,0.21
11.883985042572021,0.38,0.46,0.19
11.902425050735474,0.28,0.46,0.16
11.904139995574951,0.18,0.45,0.13
11.912322044372559,0.06,0.45,0.09
11.922795057296753,-0.07,0.44,0.04
11.932905197143555,-0.22,0.43,-0.01
11.943798065185547,-0.38,0.43,-0.06
11.953938961029053,-0.54,0.41,-0.11
11.963901996612549,-0.69,0.41,-0.15
11.973751068115234,-0.83,0.4,-0.19
11.984119892120361,-0.95,0.4,-0.22
12.000685214996338,-1.06,0.39,-0.24
12.003233909606934,-1.15,0.39,-0.26
12.01918888092041,-1.23,0.38,-0.27
12.02333116531372,-1.28,0.38,-0.28
12.034225940704346,-1.33,0.38,-0.29
12.044918060302734,-1.36,0.38,-0.29
12.054694175720215,-1.37,0.39,-0.3
12.065043926239014,-1.39,0.38,-0.3
12.074820041656494,-1.41,0.39,-0.3
12.097352981567383,-1.44,0.39,-0.32
12.099548101425171,-1.5,0.38,-0.36
12.10373306274414,-1.58,0.38,-0.41
12.118701934814453,-1.68,0.38,-0.49
12.124224185943604,-1.8,0.38,-0.58
12.134448051452637,-1.92,0.38,-0.69
12.145727157592773,-2.06,0.38,-0.81
12.15466594696045,-2.19,0.38,-0.93
12.165555953979492,-2.32,0.38,-1.05
12.175260066986084,-2.42,0.39,-1.16
12.202044010162354,-2.49,0.4,-1.24
12.204143047332764,-2.53,0.41,-1.29
12.205810070037842,-2.53,0.42,-1.3
12.21592903137207,-2.48,0.44,-1.28
12.22493314743042,-2.4,0.45,-1.22
12.235459089279175,-2.29,0.46,-1.14
12.245212078094482,-2.16,0.47,-1.05
12.256200075149536,-2.02,0.47,-0.95
12.26595687866211,-1.89,0.47,-0.85
12.27576208114624,-1.78,0.46,-0.76
12.301063060760498,-1.7,0.45,-0.69
12.303239107131958,-1.63,0.43,-0.64
12.305106163024902,-1.59,0.42,-0.61
12.317362070083618,-1.57,0.4,-0.6
12.325622081756592,-1.55,0.38,-0.6
12.335697174072266,-1.53,0.36,-0.61
12.34689712524414,-1.51,0.33,-0.64
12.356451988220215,-1.48,0.31,-0.66
12.367080211639404,-1.44,0.29,-0.68
12.37629508972168,-1.39,0.28,-0.69
12.397234916687012,-1.31,0.25,-0.68
12.399425983428955,-1.21,0.23,-0.66
12.406030178070068,-1.1,0.21,-0.61
12.417788028717041,-0.97,0.19,-0.55
12.426270961761475,-0.83,0.17,-0.46
12.43756103515625,-0.67,0.15,-0.36
12.446946144104004,-0.5,0.12,-0.24
12.457603931427002,-0.33,0.1,-0.11
12.467535018920898,-0.16,0.08,0.02
12.477283000946045,-0.01,0.05,0.15
12.49735689163208,0.13,0.03,0.26
12.499269008636475,0.24,0.0,0.36
12.506953001022339,0.34,-0.02,0.44
12.51835298538208,0.42,-0.05,0.51
12.526941061019897,0.48,-0.07,0.55
12.537192106246948,0.53,-0.09,0.57
12.548213958740234,0.59,-0.12,0.58
12.557509899139404,0.62,-0.14,0.56
12.568499088287354,0.66,-0.16,0.53
12.578111171722412,0.69,-0.19,0.48
12.595921039581299,0.72,-0.21,0.44
12.598413944244385,0.75,-0.23,0.39
12.607787132263184,0.79,-0.25,0.34
12.617682933807373,0.85,-0.28,0.3
12.627810001373291,0.92,-0.3,0.28
12.63768720626831,1.0,-0.32,0.28
12.648705005645752,1.1,-0.34,0.29
12.65893006324768,1.2,-0.35,0.32
12.668952941894531,1.29,-0.36,0.37
12.678848028182983,1.38,-0.38,0.42
12.697975158691406,1.46,-0.39,0.48
12.699853897094727,1.52,-0.41,0.55
12.70832109451294,1.58,-0.42,0.61
12.718318939208984,1.63,-0.43,0.67
12.72849988937378,1.67,-0.44,0.71
12.739603996276855,1.7,-0.45,0.74
12.748563051223755,1.73,-0.46,0.76
12.759467124938965,1.76,-0.46,0.76
12.769979000091553,1.78,-0.48,0.75
12.795242071151733,1.8,-0.49,0.73
12.7969970703125,1.82,-0.5,0.7
12.798909187316895,1.84,-0.51,0.67
12.809021949768066,1.86,-0.53,0.63
12.819273948669434,1.89,-0.54,0.6
12.829162120819092,1.92,-0.56,0.58
12.840579986572266,1.95,-0.57,0.56
12.850413084030151,1.98,-0.58,0.55
12.859896183013916,2.02,-0.59,0.55
12.870893001556396,2.05,-0.6,0.57
12.895364046096802,2.07,-0.61,0.59
12.897160053253174,2.09,-0.62,0.62
12.899691104888916,2.1,-0.63,0.65
12.909524917602539,2.1,-0.63,0.68
12.919888973236084,2.07,-0.63,0.7
12.930798053741455,2.02,-0.63,0.71
12.940289974212646,1.95,-0.63,0.71
12.951215028762817,1.87,-0.64,0.7
12.960942029953003,1.76,-0.63,0.67
12.971723079681396,1.65,-0.64,0.64
12.996180057525635,1.53,-0.64,0.59
12.998083114624023,1.4,-0.64,0.53
13.000240087509155,1.27,-0.64,0.47
13.018294095993042,1.14,-0.65,0.4
13.020507097244263,1.02,-0.66,0.33
13.035214900970459,0.91,-0.66,0.27
13.040626049041748,0.81,-0.66,0.21
13.051520109176636,0.72,-0.67,0.16
13.061503887176514,0.64,-0.67,0.12
13.071568012237549,0.56,-0.67,0.09
13.096029996871948,0.48,-0.67,0.07
13.098162174224854,0.4,-0.67,0.05
13.100980997085571,0.31,-0.67,0.04
13.118951082229614,0.21,-0.68,0.02
13.121165037155151,0.11,-0.67,0.02
13.133437156677246,0.01,-0.67,0.02
13.142329216003418,-0.1,-0.66,0.02
13.151966094970703,-0.22,-0.66,0.02
13.162230968475342,-0.33,-0.65,0.02
13.172345161437988,-0.45,-0.65,0.01
13.190742015838623,-0.58,-0.64,-0.02
13.193137168884277,-0.72,-0.63,-0.05
13.201977014541626,-0.86,-0.63,-0.09
13.211955070495605,-1.0,-0.61,-0.15
13.222085952758789,-1.12,-0.6,-0.2
13.232170104980469,-1.23,-0.59,-0.25
13.242185115814209,-1.34,-0.57,-0.29
13.25344705581665,-1.44,-0.56,-0.33
13.263124942779541,-1.54,-0.54,-0.36
13.2729811668396,-1.64,-0.52,-0.38
13.291779041290283,-1.74,-0.5,-0.39
13.294008016586304,-1.84,-0.47,-0.4
13.302813053131104,-1.93,-0.45,-0.39
13.312777042388916,-2.03,-0.43,-0.36
13.322834968566895,-2.12,-0.41,-0.32
13.332912921905518,-2.21,-0.38,-0.28
13.343846082687378,-2.29,-0.36,-0.23
13.353844165802002,-2.37,-0.34,-0.18
13.36384391784668,-2.41,-0.33,-0.13
13.373769044876099,-2.44,-0.31,-0.08
13.392255067825317,-2.46,-0.29,-0.04
13.394509077072144,-2.46,-0.27,-0.01
13.403472900390625,-2.44,-0.26,0.01
13.413283109664917,-2.42,-0.25,0.01
13.423371076583862,-2.39,-0.24,0.01
13.433527946472168,-2.37,-0.23,0.01
13.444667100906372,-2.34,-0.22,0.0
13.45475721359253,-2.32,-0.21,-0.01
13.46462106704712,-2.28,-0.2,-0.02
13.4742431640625,-2.24,-0.19,-0.02
13.493098020553589,-2.2,-0.18,-0.03
13.495481967926025,-2.15,-0.17,-0.04
13.504199981689453,-2.1,-0.16,-0.04
13.514088153839111,-2.03,-0.15,-0.04
13.524275064468384,-1.96,-0.13,-0.03
13.534293174743652,-1.88,-0.12,-0.02
13.545783996582031,-1.79,-0.11,0.0
13.555130958557129,-1.69,-0.1,0.03
13.56588888168335,-1.58,-0.09,0.07
13.591232061386108,-1.46,-0.08,0.1
13.592978954315186,-1.34,-0.07,0.13
13.595130920410156,-1.23,-0.05,0.17
13.604850053787231,-1.11,-0.05,0.2
13.614880084991455,-1.0,-0.03,0.22
13.624913215637207,-0.89,-0.03,0.24
13.636082172393799,-0.77,-0.01,0.26
13.645761966705322,-0.66,0.0,0.27
13.655890941619873,-0.55,0.01,0.27
13.666536092758179,-0.44,0.02,0.28
13.692532062530518,-0.35,0.04,0.27
13.694322109222412,-0.26,0.05,0.26
13.69636607170105,-0.18,0.06,0.25
13.70546817779541,-0.11,0.07,0.23
13.717353105545044,-0.04,0.08,0.21
13.725686073303223,0.03,0.1,0.19
13.736732959747314,0.11,0.11,0.16
13.746686935424805,0.2,0.13,0.14
13.756720066070557,0.29,0.14,0.11
13.767077922821045,0.38,0.16,0.09
13.791802883148193,0.48,0.17,0.05
13.793687105178833,0.58,0.18,0.02
13.795881032943726,0.66,0.2,0.0
13.806371212005615,0.74,0.21,-0.02
13.816460132598877,0.81,0.22,-0.04
13.826385021209717,0.88,0.23,-0.06
13.837512969970703,0.96,0.24,-0.07
13.84749698638916,1.05,0.26,-0.08
13.857165098190308,1.13,0.27,-0.08
13.867814064025879,1.22,0.28,-0.07
13.893488883972168,1.3,0.29,-0.05
13.895342111587524,1.37,0.31,-0.03
13.897455215454102,1.45,0.31,-0.01
13.907093048095703,1.54,0.32,0.01
13.917427062988281,1.63,0.34,0.03
13.927134990692139,1.73,0.35,0.04
13.938505172729492,1.83,0.36,0.05
13.948036193847656,1.93,0.36,0.05
13.957871913909912,2.02,0.37,0.04
13.968528032302856,2.1,0.38,0.03
13.987566947937012,2.17,0.39,0.0
13.989392042160034,2.22,0.39,-0.02
13.997551918029785,2.26,0.39,-0.04
14.007646083831787,2.27,0.39,-0.05
14.017632007598877,2.27,0.39,-0.04
14.028876066207886,2.27,0.39,-0.02
14.038552045822144,2.26,0.39,0.01
14.04915189743042,2.25,0.38,0.05
14.058675050735474,2.24,0.38,0.08
14.0694260597229,2.23,0.38,0.1
14.089937210083008,2.21,0.38,0.11
14.091363906860352,2.21,0.38,0.11
14.098303079605103,2.19,0.37,0.12
14.10817289352417,2.17,0.37,0.12
14.119801044464111,2.15,0.36,0.13
14.128829956054688,2.13,0.36,0.13
14.139933109283447,2.09,0.35,0.14
14.149838924407959,2.04,0.34,0.14
14.15930700302124,1.99,0.34,0.14
14.170682907104492,1.92,0.33,0.14
14.190790176391602,1.85,0.32,0.13
14.192564010620117,1.76,0.31,0.12
14.199009895324707,1.67,0.29,0.11
14.208826065063477,1.57,0.28,0.11
14.219234943389893,1.47,0.27,0.11
14.23137903213501,1.36,0.26,0.11
14.239817142486572,1.25,0.24,0.11
14.250432968139648,1.12,0.23,0.12
14.259936094284058,1.0,0.22,0.12
14.270740985870361,0.87,0.2,0.13
14.290212154388428,0.75,0.19,0.14
14.292092084884644,0.62,0.18,0.15
14.299937009811401,0.5,0.16,0.16
14.309732913970947,0.38,0.15,0.16
14.320019006729126,0.27,0.13,0.17
14.330946922302246,0.15,0.11,0.16
14.340286016464233,0.03,0.1,0.15
14.35141110420227,-0.09,0.08,0.13
14.360657215118408,-0.21,0.06,0.11
14.38765811920166,-0.32,0.04,0.08
14.389412879943848,-0.43,0.03,0.05
14.391524076461792,-0.54,0.01,0.01
14.400503158569336,-0.66,-0.01,-0.03
14.410656929016113,-0.78,-0.02,-0.07
14.421793937683105,-0.9,-0.04,-0.11
14.431948184967041,-1.02,-0.06,-0.15
14.441433906555176,-1.14,-0.08,-0.18
14.452284097671509,-1.25,-0.09,-0.21
14.462050914764404,-1.36,-0.1,-0.23
14.48956298828125,-1.46,-0.11,-0.24
14.491158962249756,-1.56,-0.13,-0.24
14.492894172668457,-1.66,-0.13,-0.24
14.50116491317749,-1.75,-0.14,-0.24
14.512382984161377,-1.83,-0.15,-0.23
14.522053003311157,-1.9,-0.16,-0.22
14.532554149627686,-1.97,-0.17,-0.21
14.541707992553711,-2.03,-0.18,-0.21
14.55283498764038,-2.08,-0.19,-0.22
14.5625,-2.13,-0.19,-0.24
14.58742904663086,-2.19,-0.2,-0.28
14.58930492401123,-2.23,-0.21,-0.32
14.591727018356323,-2.28,-0.21,-0.36
14.601888179779053,-2.32,-0.22,-0.41
14.611921072006226,-2.37,-0.22,-0.46
14.622162103652954,-2.41,-0.22,-0.5
14.633312225341797,-2.45,-0.22,-0.52
14.642579078674316,-2.48,-0.22,-0.53
14.653462886810303,-2.49,-0.23,-0.52
14.663683891296387,-2.5,-0.22,-0.5
14.690515041351318,-2.49,-0.22,-0.46
14.692092895507812,-2.46,-0.22,-0.4
14.69406795501709,-2.42,-0.23,-0.34
14.702486991882324,-2.36,-0.23,-0.26
14.71276307106018,-2.28,-0.24,-0.19
14.723921060562134,-2.18,-0.25,-0.11
14.733792066574097,-2.08,-0.25,-0.05
14.743582010269165,-1.97,-0.26,-0.01
14.754124164581299,-1.85,-0.28,0.02
14.76499605178833,-1.74,-0.29,0.03
14.782011032104492,-1.63,-0.3,0.03
14.783874034881592,-1.53,-0.31,0.02
14.793349027633667,-1.43,-0.33,-0.01
14.803432941436768,-1.35,-0.33,-0.04
14.813491106033325,-1.27,-0.34,-0.08
14.824649095535278,-1.2,-0.35,-0.11
14.834686040878296,-1.13,-0.36,-0.14
14.84420919418335,-1.05,-0.36,-0.16
14.854979038238525,-0.97,-0.37,-0.17
14.864697933197021,-0.89,-0.37,-0.17
14.883687973022461,-0.8,-0.37,-0.15
14.885402202606201,-0.71,-0.37,-0.13
14.894039154052734,-0.61,-0.38,-0.1
14.90427017211914,-0.51,-0.37,-0.05
14.91426420211792,-0.39,-0.38,-0.01
14.925333976745605,-0.27,-0.37,0.05
14.935369968414307,-0.14,-0.38,0.09
14.945136070251465,0.0,-0.37,0.14
14.955116033554077,0.14,-0.37,0.18
14.965687036514282,0.28,-0.37,0.2
14.983803033828735,0.42,-0.36,0.21
14.985681056976318,0.55,-0.35,0.21
14.994558095932007,0.68,-0.35,0.19
15.005022048950195,0.79,-0.34,0.17
15.014897108078003,0.88,-0.34,0.14
15.02499508857727,0.97,-0.33,0.1
15.036005020141602,1.04,-0.33,0.07
15.04578709602356,1.11,-0.32,0.03
15.055905103683472,1.16,-0.31,-0.01
15.066541194915771,1.21,-0.3,-0.04
15.084270000457764,1.26,-0.3,-0.07
15.086108207702637,1.3,-0.29,-0.09
15.095510959625244,1.35,-0.27,-0.11
15.105601072311401,1.41,-0.27,-0.13
15.115713119506836,1.46,-0.25,-0.13
15.126549005508423,1.52,-0.24,-0.13
15.13700819015503,1.57,-0.23,-0.12
15.147189140319824,1.62,-0.22,-0.1
15.157108068466187,1.68,-0.21,-0.08
15.183078050613403,1.74,-0.2,-0.05
15.185314178466797,1.8,-0.19,-0.02
15.187084197998047,1.88,-0.17,0.0
15.201595067977905,1.97,-0.16,0.0
15.206321001052856,2.06,-0.15,-0.01
15.21809196472168,2.16,-0.14,-0.05
15.226656913757324,2.24,-0.13,-0.11
15.237385034561157,2.31,-0.12,-0.18
15.247689008712769,2.36,-0.12,-0.26
15.257169008255005,2.38,-0.12,-0.33
15.282612085342407,2.39,-0.12,-0.39
15.284767150878906,2.38,-0.13,-0.43
15.2864670753479,2.36,-0.13,-0.46
15.301481008529663,2.32,-0.13,-0.46
15.307186126708984,2.27,-0.14,-0.45
15.317017078399658,2.21,-0.14,-0.43
15.328416109085083,2.15,-0.14,-0.39
15.33787202835083,2.09,-0.14,-0.33
15.348377227783203,2.04,-0.14,-0.27
15.35817289352417,2.0,-0.14,-0.2
15.385855197906494,1.96,-0.13,-0.13
15.387937068939209,1.92,-0.12,-0.06
15.389575004577637,1.87,-0.12,-0.01
15.399609088897705,1.82,-0.11,0.03
15.407849073410034,1.76,-0.1,0.06
15.418378114700317,1.69,-0.1,0.07
15.428539037704468,1.63,-0.09,0.06
15.438781023025513,1.55,-0.09,0.04
15.449059009552002,1.47,-0.09,0.01
15.458965063095093,1.36,-0.08,-0.02
15.485822200775146,1.24,-0.08,-0.06
15.487718105316162,1.11,-0.08,-0.1
15.489368915557861,0.97,-0.07,-0.13
15.498692035675049,0.81,-0.07,-0.15
15.508479118347168,0.66,-0.07,-0.16
15.519139051437378,0.5,-0.06,-0.15
15.52932596206665,0.35,-0.06,-0.12
15.539728164672852,0.21,-0.05,-0.09
15.550084114074707,0.09,-0.05,-0.04
15.559576034545898,-0.03,-0.04,0.01
15.5798180103302,-0.14,-0.03,0.07
15.582101106643677,-0.24,-0.02,0.13
15.588929176330566,-0.33,-0.01,0.19
15.601352214813232,-0.41,0.0,0.25
15.609193086624146,-0.49,0.01,0.3
15.619200229644775,-0.56,0.02,0.33
15.630331039428711,-0.64,0.03,0.35
15.639834880828857,-0.73,0.04,0.35
15.650618076324463,-0.83,0.05,0.34
15.660262107849121,-0.94,0.05,0.31
15.680890083312988,-1.05,0.06,0.27
15.68274211883545,-1.18,0.07,0.22
15.68972110748291,-1.33,0.08,0.17
15.700364112854004,-1.47,0.09,0.12
15.709862232208252,-1.62,0.1,0.09
15.721104145050049,-1.76,0.11,0.06
15.731084108352661,-1.89,0.12,0.05
15.74070119857788,-2.01,0.14,0.06
15.75084114074707,-2.12,0.15,0.08
15.760961055755615,-2.22,0.16,0.1
15.779083013534546,-2.31,0.17,0.13
15.781192064285278,-2.38,0.18,0.17
15.790565013885498,-2.43,0.19,0.2
15.800661087036133,-2.46,0.19,0.22
15.810648918151855,-2.47,0.2,0.24
15.82164192199707,-2.46,0.21,0.24
15.8318190574646,-2.44,0.22,0.23
15.841478109359741,-2.42,0.22,0.2
15.852022171020508,-2.4,0.22,0.16
15.86176609992981,-2.39,0.22,0.12
15.881436109542847,-2.37,0.23,0.07
15.883181095123291,-2.36,0.23,0.03
15.891196012496948,-2.33,0.24,0.0
15.901411056518555,-2.3,0.24,-0.03
15.91136908531189,-2.26,0.25,-0.06
15.922800064086914,-2.21,0.26,-0.08
15.932596206665039,-2.15,0.26,-0.09
15.941923141479492,-2.09,0.27,-0.1
15.953022956848145,-2.04,0.28,-0.1
15.97923994064331,-1.99,0.29,-0.09
15.98096513748169,-1.95,0.29,-0.07
15.982768058776855,-1.91,0.29,-0.06
16.001212120056152,-1.87,0.29,-0.05
16.00271987915039,-1.81,0.29,-0.04
16.016616106033325,-1.75,0.29,-0.04
16.02308702468872,-1.67,0.29,-0.06
16.0327410697937,-1.57,0.29,-0.07
16.042831897735596,-1.47,0.29,-0.09
16.05322790145874,-1.36,0.29,-0.11
16.078617095947266,-1.24,0.28,-0.14
16.08074402809143,-1.13,0.28,-0.16
16.08222198486328,-1.01,0.28,-0.17
16.092830181121826,-0.9,0.27,-0.19
16.102827072143555,-0.79,0.27,-0.21
16.113787174224854,-0.68,0.26,-0.22
16.123178005218506,-0.57,0.25,-0.21
16.13389801979065,-0.46,0.25,-0.21
16.143784999847412,-0.35,0.24,-0.19
16.154747009277344,-0.23,0.23,-0.16
16.18053913116455,-0.12,0.22,-0.12
16.182542085647583,0.0,0.22,-0.08
16.18412494659424,0.11,0.21,-0.03
16.202041149139404,0.22,0.2,0.01
16.203707218170166,0.33,0.19,0.06
16.21675705909729,0.43,0.18,0.11
16.223833084106445,0.54,0.17,0.14
16.234472036361694,0.66,0.16,0.17
16.24454116821289,0.79,0.15,0.2
16.254394054412842,0.91,0.15,0.21
16.28161096572876,1.04,0.14,0.22
16.28361415863037,1.17,0.14,0.22
16.285104036331177,1.28,0.13,0.21
16.301424980163574,1.37,0.13,0.2
16.304194927215576,1.45,0.12,0.19
16.31706714630127,1.51,0.11,0.18
16.3252592086792,1.56,0.11,0.15
16.33513307571411,1.6,0.1,0.12
16.345051050186157,1.63,0.09,0.09
16.35542392730713,1.66,0.08,0.06
16.375982999801636,1.69,0.07,0.03
16.37826704978943,1.73,0.06,0.02
16.384953022003174,1.78,0.05,0.01
16.394915103912354,1.85,0.04,0.03
16.405059099197388,1.93,0.03,0.05
16.415107011795044,2.05,0.02,0.09
16.42598295211792,2.19,0.01,0.13
16.435993194580078,2.36,0.01,0.18
16.445898056030273,2.53,0.01,0.24
16.455821990966797,2.7,0.01,0.29
16.47590923309326,2.84,0.01,0.33
16.478024005889893,2.93,0.01,0.35
16.485647201538086,2.97,0.01,0.36
16.495395183563232,2.97,0.01,0.35
16.505706071853638,2.91,0.0,0.32
16.515871047973633,2.82,-0.01,0.28
16.526856899261475,2.7,-0.01,0.23
16.537067890167236,2.56,-0.02,0.18
16.54730796813965,2.41,-0.03,0.13
16.557207107543945,2.26,-0.04,0.09
16.577035903930664,2.1,-0.06,0.05
16.57929515838623,1.96,-0.07,0.01
16.586190223693848,1.83,-0.08,-0.02
16.596254110336304,1.72,-0.1,-0.03
16.60643720626831,1.65,-0.11,-0.03
16.61737608909607,1.6,-0.11,-0.02
16.626992225646973,1.57,-0.13,0.01
16.6376531124115,1.56,-0.13,0.05
16.64801788330078,1.55,-0.14,0.09
16.657283067703247,1.53,-0.15,0.13
16.677278995513916,1.49,-0.15,0.17
16.67940092086792,1.42,-0.16,0.2
16.687180042266846,1.33,-0.17,0.22
16.69692611694336,1.21,-0.18,0.22
16.707226037979126,1.05,-0.19,0.21
16.718119144439697,0.88,-0.19,0.2
16.727734088897705,0.69,-0.2,0.18
16.73837423324585,0.5,-0.21,0.15
16.7488911151886,0.3,-0.23,0.12
16.77491521835327,0.1,-0.24,0.08
16.77677011489868,-0.1,-0.25,0.04
16.778871059417725,-0.27,-0.26,0.01
16.78762912750244,-0.44,-0.26,-0.02
16.797808170318604,-0.57,-0.27,-0.04
16.808868885040283,-0.68,-0.28,-0.05
16.81875205039978,-0.75,-0.28,-0.04
16.828708171844482,-0.81,-0.29,-0.02
16.838669061660767,-0.83,-0.29,0.01
16.849298000335693,-0.85,-0.29,0.05
16.87437105178833,-0.87,-0.29,0.09
16.876026153564453,-0.9,-0.29,0.13
16.878157138824463,-0.94,-0.29,0.16
16.88857102394104,-1.0,-0.28,0.17
16.898410081863403,-1.08,-0.28,0.19
16.908491134643555,-1.18,-0.28,0.18
16.920061111450195,-1.3,-0.27,0.17
16.92961597442627,-1.43,-0.27,0.15
16.93952703475952,-1.58,-0.26,0.12
16.949734210968018,-1.74,-0.26,0.07
16.974868059158325,-1.91,-0.25,0.01
16.976723194122314,-2.07,-0.24,-0.05
16.97890305519104,-2.22,-0.24,-0.12
16.98909616470337,-2.34,-0.22,-0.18
16.999361991882324,-2.44,-0.21,-0.22
17.0092670917511,-2.51,-0.19,-0.25
17.01949119567871,-2.54,-0.17,-0.26
17.029247045516968,-2.54,-0.15,-0.24
17.040529012680054,-2.53,-0.14,-0.21
17.050515174865723,-2.5,-0.12,-0.16
17.075764179229736,-2.45,-0.11,-0.09
17.077660083770752,-2.41,-0.09,-0.02
17.07977294921875,-2.37,-0.08,0.04
17.08982515335083,-2.34,-0.08,0.1
17.100398063659668,-2.31,-0.07,0.15
17.110082149505615,-2.29,-0.06,0.17
17.12047004699707,-2.28,-0.06,0.18
17.131114959716797,-2.28,-0.05,0.17
17.1410710811615,-2.28,-0.05,0.15
17.15124797821045,-2.28,-0.05,0.11
17.16749405860901,-2.27,-0.05,0.06
17.170073986053467,-2.26,-0.05,0.02
17.180597066879272,-2.22,-0.05,-0.02
17.190689086914062,-2.16,-0.04,-0.06
17.20073103904724,-2.08,-0.04,-0.08
17.21088695526123,-1.97,-0.03,-0.09
17.221988201141357,-1.84,-0.02,-0.09
17.232502937316895,-1.68,-0.01,-0.08
17.24220609664917,-1.52,0.0,-0.07
17.252422094345093,-1.35,0.01,-0.04
17.269102096557617,-1.18,0.01,-0.01
17.270934104919434,-1.04,0.02,0.03
17.281455039978027,-0.91,0.03,0.06
17.29136896133423,-0.8,0.03,0.09
17.301448106765747,-0.71,0.04,0.12
17.311503887176514,-0.62,0.04,0.14
17.32257604598999,-0.55,0.05,0.15
17.332494020462036,-0.48,0.05,0.16
17.342257022857666,-0.4,0.06,0.16
17.353172063827515,-0.32,0.07,0.15
17.372740030288696,-0.23,0.07,0.13
17.374550104141235,-0.14,0.08,0.11
17.38209819793701,-0.04,0.09,0.08
17.392001152038574,0.05,0.1,0.05
17.402244091033936,0.15,0.11,0.02
17.412149906158447,0.25,0.12,0.0
17.422357082366943,0.34,0.13,-0.02
17.432250022888184,0.44,0.13,-0.03
17.443471908569336,0.54,0.15,-0.04
17.453042030334473,0.64,0.15,-0.04
17.470454216003418,0.75,0.16,-0.04
17.472048044204712,0.86,0.17,-0.04
17.482744216918945,0.96,0.18,-0.04
17.492698192596436,1.05,0.19,-0.04
17.50289297103882,1.13,0.2,-0.04
17.51282000541687,1.18,0.21,-0.04
17.524116039276123,1.2,0.22,-0.04
17.533637046813965,1.22,0.22,-0.04
17.543776988983154,1.24,0.23,-0.05
17.57089614868164,1.26,0.23,-0.06
17.572665214538574,1.29,0.24,-0.08
17.574646949768066,1.34,0.24,-0.1
17.58327007293701,1.41,0.24,-0.13
17.59340190887451,1.51,0.24,-0.16
17.603577136993408,1.63,0.24,-0.19
17.614694118499756,1.77,0.25,-0.21
17.624341011047363,1.94,0.24,-0.23
17.634872913360596,2.11,0.24,-0.24
17.644089221954346,2.28,0.23,-0.24
17.66911220550537,2.44,0.23,-0.24
17.67080807685852,2.57,0.22,-0.23
17.673954963684082,2.68,0.21,-0.21
17.684082984924316,2.73,0.2,-0.17
17.694210052490234,2.76,0.18,-0.14
17.704421997070312,2.74,0.17,-0.1
17.715796947479248,2.7,0.16,-0.05
17.725017070770264,2.64,0.15,0.0
17.73601722717285,2.57,0.14,0.06
17.745479106903076,2.5,0.13,0.12
17.7712459564209,2.44,0.13,0.18
17.772912979125977,2.38,0.13,0.24
17.77491307258606,2.34,0.13,0.28
17.78489589691162,2.29,0.13,0.31
17.79495906829834,2.25,0.12,0.32
17.804899215698242,2.21,0.12,0.32
17.816176891326904,2.17,0.12,0.32
17.82552409172058,2.13,0.12,0.3
17.836822032928467,2.08,0.11,0.29
17.846208095550537,2.03,0.11,0.28
17.872794151306152,1.96,0.11,0.26
17.87452507019043,1.87,0.1,0.24
17.8765230178833,1.75,0.1,0.22
17.885518074035645,1.61,0.09,0.2
17.89568519592285,1.45,0.08,0.18
17.90573501586914,1.27,0.07,0.17
17.916765213012695,1.08,0.06,0.17
17.926257133483887,0.89,0.05,0.18
17.937000036239624,0.71,0.04,0.19
17.947046041488647,0.54,0.03,0.21
17.965898990631104,0.38,0.03,0.23
17.967708110809326,0.24,0.02,0.26
17.976248025894165,0.11,0.01,0.28
17.986393928527832,-0.01,0.0,0.29
17.996366024017334,-0.12,-0.01,0.3
18.00660800933838,-0.22,-0.02,0.31
18.01740002632141,-0.3,-0.03,0.31
18.026673078536987,-0.36,-0.03,0.31
18.038069009780884,-0.42,-0.04,0.31
18.047826051712036,-0.47,-0.04,0.31
18.068492889404297,-0.53,-0.04,0.3
18.070271968841553,-0.61,-0.05,0.29
18.0767879486084,-0.71,-0.05,0.27
18.087181091308594,-0.82,-0.06,0.24
18.097126007080078,-0.96,-0.06,0.21
18.108150959014893,-1.12,-0.06,0.17
18.11836004257202,-1.28,-0.06,0.13
18.127694129943848,-1.45,-0.06,0.09
18.138665199279785,-1.63,-0.06,0.05
18.14883518218994,-1.79,-0.06,0.01
18.17059898376465,-1.95,-0.05,-0.03
18.17239809036255,-2.1,-0.05,-0.07
18.177605152130127,-2.22,-0.04,-0.1
18.1876859664917,-2.32,-0.03,-0.14
18.1978120803833,-2.39,-0.03,-0.17
18.208876132965088,-2.43,-0.02,-0.2
18.21912717819214,-2.44,-0.01,-0.23
18.228652954101562,-2.44,0.01,-0.26
18.239114999771118,-2.43,0.02,-0.3
18.249231100082397,-2.41,0.03,-0.33
18.267887115478516,-2.41,0.04,-0.36
18.269747018814087,-2.42,0.06,-0.38
18.278596878051758,-2.43,0.07,-0.39
18.288486003875732,-2.44,0.08,-0.39
18.298676013946533,-2.46,0.09,-0.38
18.308709144592285,-2.48,0.1,-0.36
18.31995916366577,-2.49,0.11,-0.34
18.329607009887695,-2.5,0.12,-0.32
18.339617013931274,-2.49,0.12,-0.3
18.36589813232422,-2.48,0.12,-0.3
18.3678719997406,-2.45,0.13,-0.29
18.36963200569153,-2.4,0.14,-0.28
18.384393215179443,-2.33,0.14,-0.27
18.389339923858643,-2.24,0.15,-0.26
18.40015697479248,-2.13,0.15,-0.26
18.410223960876465,-2.0,0.15,-0.25
18.42032504081726,-1.87,0.16,-0.26
18.430376052856445,-1.74,0.16,-0.27
18.44005298614502,-1.62,0.16,-0.27
18.466806888580322,-1.52,0.17,-0.28
18.4689359664917,-1.43,0.17,-0.3
18.470514059066772,-1.35,0.17,-0.31
18.483240127563477,-1.28,0.16,-0.32
18.48996901512146,-1.2,0.17,-0.32
18.499762058258057,-1.13,0.17,-0.32
18.509998083114624,-1.05,0.17,-0.31
18.52099108695984,-0.98,0.17,-0.29
18.53129291534424,-0.89,0.17,-0.27
18.54122495651245,-0.8,0.18,-0.24
18.569143056869507,-0.72,0.18,-0.22
18.571036100387573,-0.64,0.18,-0.19
18.57257103919983,-0.57,0.18,-0.16
18.5817289352417,-0.49,0.18,-0.14
18.590655088424683,-0.41,0.18,-0.12
18.600768089294434,-0.32,0.17,-0.1
18.61220693588257,-0.21,0.18,-0.09
18.621592044830322,-0.1,0.18,-0.07
18.63216495513916,0.02,0.18,-0.06
18.641360998153687,0.13,0.18,-0.05
18.668857097625732,0.24,0.18,-0.05
18.670698165893555,0.34,0.18,-0.04
18.672378063201904,0.43,0.17,-0.05
18.684431076049805,0.51,0.17,-0.05
18.69132423400879,0.59,0.17,-0.05
18.702378034591675,0.7,0.17,-0.04
18.711883068084717,0.82,0.16,-0.04
18.722442150115967,0.96,0.16,-0.02
18.732754230499268,1.11,0.17,0.01
18.741995096206665,1.27,0.17,0.03
18.7635440826416,1.42,0.17,0.07
18.765674114227295,1.57,0.18,0.1
18.771871089935303,1.7,0.18,0.14
18.78454303741455,1.82,0.18,0.18
18.792084217071533,1.91,0.19,0.21
18.802051067352295,2.0,0.19,0.23
18.813440084457397,2.06,0.19,0.24
18.822762966156006,2.11,0.19,0.26
18.833133220672607,2.14,0.19,0.26
18.842775106430054,2.17,0.19,0.26
18.864084005355835,2.19,0.19,0.25
18.866146087646484,2.22,0.19,0.24
18.87264394760132,2.26,0.19,0.23
18.884346961975098,2.32,0.19,0.23
18.89274787902832,2.39,0.19,0.24
18.903855085372925,2.47,0.19,0.27
18.913641929626465,2.56,0.19,0.31
18.923654079437256,2.65,0.19,0.36
18.933928966522217,2.73,0.19,0.42
18.943882942199707,2.79,0.2,0.49
18.964299201965332,2.84,0.21,0.56
18.966154098510742,2.87,0.22,0.63
18.973478078842163,2.88,0.23,0.7
18.984591960906982,2.85,0.24,0.77
18.993525981903076,2.79,0.26,0.81
19.004746913909912,2.7,0.27,0.84
19.014895915985107,2.58,0.28,0.85
19.024269104003906,2.44,0.29,0.84
19.03532099723816,2.27,0.3,0.8
19.04487419128418,2.1,0.31,0.75
19.065646171569824,1.94,0.31,0.7
19.067305088043213,1.79,0.31,0.63
19.073970079421997,1.66,0.31,0.58
19.084160089492798,1.54,0.3,0.53
19.094244956970215,1.44,0.3,0.47
19.105358123779297,1.35,0.3,0.42
19.11536693572998,1.26,0.29,0.37
19.124773025512695,1.17,0.29,0.32
19.135706901550293,1.08,0.28,0.28
19.162182092666626,0.98,0.27,0.25
19.164046049118042,0.87,0.26,0.22
19.166110038757324,0.75,0.25,0.2
19.18476390838623,0.62,0.24,0.19
19.186366081237793,0.48,0.23,0.19
19.201356887817383,0.33,0.22,0.19
19.205111980438232,0.18,0.2,0.19
19.2167911529541,0.01,0.19,0.19
19.225729942321777,-0.14,0.18,0.19
19.23608922958374,-0.31,0.16,0.19
19.263245105743408,-0.47,0.15,0.17
19.26560401916504,-0.62,0.13,0.15
19.26730704307556,-0.76,0.11,0.11
19.28504991531372,-0.89,0.09,0.07
19.286733150482178,-1.0,0.07,0.02
19.300276041030884,-1.1,0.05,-0.03
19.306031227111816,-1.18,0.03,-0.09
19.317784070968628,-1.24,0.02,-0.14
19.32645320892334,-1.3,0.0,-0.19
19.336843013763428,-1.34,-0.01,-0.24
19.36258602142334,-1.39,-0.02,-0.29
19.364831924438477,-1.42,-0.03,-0.33
19.366594076156616,-1.47,-0.04,-0.37
19.38487195968628,-1.52,-0.04,-0.41
19.386425971984863,-1.6,-0.05,-0.45
19.400476932525635,-1.69,-0.05,-0.5
19.407398223876953,-1.8,-0.05,-0.53
19.417116165161133,-1.93,-0.06,-0.56
19.42737913131714,-2.05,-0.05,-0.57
19.4377121925354,-2.17,-0.05,-0.58
19.464115142822266,-2.29,-0.05,-0.59
19.466190099716187,-2.4,-0.05,-0.61
19.467828035354614,-2.51,-0.04,-0.63
19.484841108322144,-2.6,-0.04,-0.67
19.48708701133728,-2.68,-0.03,-0.72
19.500089168548584,-2.74,-0.03,-0.77
19.508199214935303,-2.78,-0.02,-0.83
19.517920970916748,-2.79,-0.01,-0.88
19.52805209159851,-2.79,0.0,-0.92
19.538201093673706,-2.77,0.01,-0.96
19.55796504020691,-2.73,0.02,-0.98
19.56035089492798,-2.68,0.03,-1.0
19.567922115325928,-2.63,0.04,-0.99
19.577784061431885,-2.57,0.05,-0.97
19.587846040725708,-2.49,0.05,-0.92
19.59803009033203,-2.42,0.06,-0.86
19.608881950378418,-2.34,0.06,-0.78
19.619190216064453,-2.26,0.06,-0.69
19.628844022750854,-2.17,0.06,-0.6
19.638920068740845,-2.08,0.05,-0.51
19.65949010848999,-2.0,0.04,-0.43
19.661733150482178,-1.9,0.03,-0.37
19.6685950756073,-1.81,0.02,-0.32
19.67848014831543,-1.7,0.01,-0.29
19.688762187957764,-1.58,-0.01,-0.27
19.69870400428772,-1.45,-0.03,-0.25
19.709511041641235,-1.32,-0.04,-0.25
19.71957015991211,-1.17,-0.06,-0.26
19.729689121246338,-1.02,-0.07,-0.27
19.739704132080078,-0.88,-0.09,-0.28
19.759242057800293,-0.73,-0.1,-0.3
19.761600017547607,-0.59,-0.12,-0.32
19.769060134887695,-0.46,-0.14,-0.33
19.779083013534546,-0.32,-0.16,-0.33
19.789424896240234,-0.2,-0.17,-0.32
19.799374103546143,-0.08,-0.19,-0.29
19.810378074645996,0.03,-0.21,-0.25
19.820158004760742,0.14,-0.22,-0.19
19.830321073532104,0.24,-0.24,-0.12
19.839949131011963,0.35,-0.25,-0.04
19.859543085098267,0.46,-0.27,0.05
19.8618221282959,0.56,-0.28,0.14
19.8701491355896,0.67,-0.29,0.23
19.879956007003784,0.78,-0.29,0.32
19.890111923217773,0.89,-0.3,0.39
19.900155067443848,1.01,-0.31,0.44
19.910125017166138,1.13,-0.31,0.48
19.92121696472168,1.25,-0.31,0.5
19.931579113006592,1.38,-0.31,0.49
19.95718002319336,1.5,-0.3,0.47
19.959042072296143,1.61,-0.3,0.44
19.96111488342285,1.7,-0.29,0.4
19.970654010772705,1.78,-0.29,0.35
19.98058319091797,1.84,-0.29,0.3
19.990753173828125,1.88,-0.28,0.26
20.000789165496826,1.92,-0.28,0.21
20.012012004852295,1.95,-0.28,0.18
20.022053003311157,1.98,-0.28,0.15
20.032054901123047,2.01,-0.27,0.14
20.053396224975586,2.04,-0.27,0.15
20.054474115371704,2.09,-0.26,0.18
20.061058044433594,2.13,-0.26,0.21
20.071261882781982,2.19,-0.25,0.26
20.082513093948364,2.23,-0.24,0.3
20.092288970947266,2.27,-0.23,0.33
20.10249900817871,2.31,-0.22,0.35
20.11263418197632,2.33,-0.21,0.36
20.122382164001465,2.36,-0.2,0.35
20.132901191711426,2.39,-0.19,0.33
20.159189224243164,2.41,-0.19,0.29
20.161084175109863,2.42,-0.18,0.25
20.163101196289062,2.42,-0.17,0.2
20.172152996063232,2.4,-0.17,0.16
20.183472156524658,2.36,-0.17,0.12
20.19216299057007,2.31,-0.17,0.09
20.202752113342285,2.26,-0.17,0.07
20.213528156280518,2.2,-0.16,0.07
20.22317409515381,2.14,-0.16,0.08
20.233776092529297,2.08,-0.16,0.1
20.259087085723877,2.01,-0.16,0.13
20.260941982269287,1.94,-0.15,0.16
20.262874126434326,1.85,-0.15,0.2
20.27296805381775,1.76,-0.15,0.23
20.28398609161377,1.65,-0.14,0.25
20.292867183685303,1.55,-0.14,0.27
20.30297088623047,1.44,-0.14,0.29
20.314302921295166,1.34,-0.13,0.3
20.32370615005493,1.24,-0.13,0.3
20.33434295654297,1.14,-0.13,0.29
20.35273313522339,1.04,-0.13,0.28
20.35465097427368,0.93,-0.12,0.26
20.363336086273193,0.82,-0.12,0.24
20.373615026474,0.71,-0.13,0.22
20.383599042892456,0.59,-0.13,0.19
20.394691944122314,0.47,-0.13,0.17
20.404345989227295,0.35,-0.13,0.15
20.41492509841919,0.24,-0.13,0.14
20.42452621459961,0.11,-0.13,0.13
20.435099124908447,-0.01,-0.14,0.12
20.45336389541626,-0.15,-0.14,0.12
20.45490312576294,-0.28,-0.14,0.12
20.463963985443115,-0.41,-0.14,0.12
20.47424602508545,-0.54,-0.14,0.13
20.48432207107544,-0.66,-0.14,0.14
20.49421000480652,-0.77,-0.14,0.14
20.505434036254883,-0.88,-0.14,0.14
20.515396118164062,-0.99,-0.14,0.14
20.525336027145386,-1.09,-0.14,0.13
20.53591299057007,-1.18,-0.14,0.12
20.555557012557983,-1.27,-0.14,0.1
20.55729913711548,-1.35,-0.14,0.07
20.564885139465332,-1.43,-0.14,0.04
20.57500696182251,-1.51,-0.13,0.0
20.58516502380371,-1.58,-0.12,-0.04
20.595513105392456,-1.66,-0.12,-0.09
20.606200218200684,-1.74,-0.1,-0.13
20.616139888763428,-1.83,-0.09,-0.17
20.625608921051025,-1.93,-0.08,-0.2
20.636635065078735,-2.04,-0.07,-0.22
20.65431022644043,-2.15,-0.05,-0.23
20.656037092208862,-2.26,-0.04,-0.24
20.665654182434082,-2.38,-0.03,-0.24
20.675677061080933,-2.49,-0.01,-0.24
20.685800075531006,-2.59,0.0,-0.24
20.695838928222656,-2.67,0.01,-0.23
20.707149028778076,-2.72,0.03,-0.22
20.716938018798828,-2.74,0.04,-0.21
20.726438999176025,-2.73,0.05,-0.2
20.75363802909851,-2.69,0.06,-0.19
20.755528926849365,-2.63,0.07,-0.17
20.757548093795776,-2.56,0.07,-0.16
20.76627492904663,-2.48,0.08,-0.15
20.776278972625732,-2.39,0.09,-0.15
20.78635001182556,-2.3,0.09,-0.15
20.79734516143799,-2.21,0.09,-0.15
20.806955099105835,-2.12,0.09,-0.16
20.8179612159729,-2.04,0.1,-0.17
20.827460050582886,-1.97,0.1,-0.17
20.8560152053833,-1.89,0.1,-0.17
20.8574640750885,-1.82,0.1,-0.16
20.859283924102783,-1.75,0.1,-0.15
20.866962909698486,-1.69,0.1,-0.13
20.877042055130005,-1.63,0.1,-0.12
20.888121128082275,-1.56,0.1,-0.1
20.898269176483154,-1.48,0.1,-0.08
20.90808391571045,-1.4,0.1,-0.06
20.918633937835693,-1.3,0.1,-0.03
20.928525924682617,-1.19,0.1,-0.01
20.955506086349487,-1.07,0.1,0.01
20.95720410346985,-0.93,0.1,0.02
20.958996057510376,-0.79,0.1,0.02
20.96758508682251,-0.66,0.1,0.02
20.977925062179565,-0.52,0.11,0.01
20.98793888092041,-0.41,0.11,0.0
20.99881100654602,-0.31,0.12,-0.02
21.00870990753174,-0.22,0.11,-0.03
21.019150018692017,-0.15,0.11,-0.05
21.02862811088562,-0.08,0.12,-0.05
21.0575270652771,-0.03,0.12,-0.06
21.059120178222656,0.02,0.12,-0.05
21.060952186584473,0.07,0.12,-0.04
21.068427085876465,0.13,0.13,-0.02
21.078464031219482,0.19,0.13,0.0
21.08869504928589,0.25,0.13,0.02
21.09945821762085,0.33,0.13,0.03
21.10964298248291,0.42,0.14,0.05
21.119954109191895,0.53,0.14,0.06
21.129876136779785,0.65,0.15,0.07
21.148576021194458,0.78,0.16,0.09
21.150400161743164,0.93,0.16,0.1
21.159082889556885,1.09,0.16,0.11
21.16935706138611,1.25,0.18,0.13
21.17909002304077,1.41,0.18,0.13
21.190397024154663,1.57,0.19,0.14
21.200515031814575,1.72,0.2,0.14
21.21034812927246,1.86,0.21,0.15
21.221038103103638,1.99,0.22,0.14
21.23105502128601,2.09,0.23,0.14
21.250515937805176,2.18,0.24,0.14
21.252134084701538,2.24,0.25,0.14
21.259621143341064,2.29,0.26,0.14
21.269942045211792,2.32,0.27,0.15
21.280081033706665,2.35,0.28,0.17
21.291215896606445,2.37,0.29,0.18
21.30127501487732,2.39,0.3,0.2
21.310697078704834,2.4,0.32,0.22
21.321102142333984,2.4,0.32,0.23
21.3314151763916,2.39,0.34,0.25
21.349651098251343,2.36,0.34,0.27
21.351506233215332,2.33,0.35,0.28
21.36063289642334,2.31,0.36,0.29
21.37063217163086,2.29,0.36,0.3
21.380783081054688,2.28,0.37,0.29
21.390748977661133,2.26,0.37,0.28
21.401849031448364,2.25,0.37,0.26
21.411761045455933,2.23,0.37,0.23
21.421953201293945,2.19,0.38,0.2
21.432334899902344,2.14,0.37,0.17
21.451425075531006,2.08,0.37,0.14
21.453214168548584,2.0,0.36,0.11
21.46126103401184,1.91,0.35,0.09
21.471493005752563,1.82,0.34,0.08
21.481471061706543,1.71,0.33,0.08
21.492216110229492,1.59,0.33,0.08
21.502389907836914,1.48,0.31,0.08
21.513312101364136,1.35,0.3,0.09
21.522496223449707,1.23,0.29,0.09
21.54794216156006,1.1,0.28,0.09
21.550064086914062,0.98,0.26,0.1
21.551743984222412,0.87,0.25,0.1
21.56805992126465,0.77,0.23,0.12
21.572248935699463,0.67,0.22,0.13
21.58333706855774,0.59,0.21,0.14
21.59321403503418,0.52,0.19,0.16
21.60295820236206,0.45,0.18,0.17
21.613420963287354,0.38,0.16,0.18
21.622931957244873,0.3,0.14,0.18
21.651305198669434,0.22,0.13,0.17
21.653412103652954,0.13,0.11,0.16
21.65511989593506,0.03,0.09,0.14
21.665829181671143,-0.08,0.07,0.12
21.67301321029663,-0.2,0.06,0.09
21.684813976287842,-0.33,0.04,0.06
21.693010091781616,-0.46,0.02,0.04
21.7038311958313,-0.6,0.0,0.01
21.714246034622192,-0.73,-0.02,-0.02
21.72399616241455,-0.85,-0.04,-0.04
21.7493839263916,-0.97,-0.05,-0.06
21.751609086990356,-1.08,-0.07,-0.07
21.753400087356567,-1.18,-0.08,-0.1
21.76842212677002,-1.27,-0.09,-0.12
21.773681163787842,-1.35,-0.1,-0.13
21.78363800048828,-1.42,-0.12,-0.15
21.79463815689087,-1.49,-0.12,-0.16
21.804696083068848,-1.55,-0.13,-0.18
21.815068006515503,-1.6,-0.14,-0.19
21.824778079986572,-1.66,-0.14,-0.2
21.85170316696167,-1.71,-0.15,-0.21
21.85367202758789,-1.75,-0.15,-0.21
21.855168104171753,-1.79,-0.16,-0.22
21.867151021957397,-1.83,-0.16,-0.24
21.87423801422119,-1.87,-0.16,-0.26
21.884210109710693,-1.92,-0.16,-0.3
21.895695209503174,-1.98,-0.16,-0.34
21.90513515472412,-2.05,-0.16,-0.39
21.915775060653687,-2.13,-0.16,-0.43
21.925379037857056,-2.21,-0.16,-0.48
21.94609498977661,-2.29,-0.15,-0.52
21.94825506210327,-2.36,-0.15,-0.55
21.9546320438385,-2.42,-0.15,-0.56
21.96788501739502,-2.46,-0.15,-0.56
21.974940061569214,-2.46,-0.14,-0.54
21.986052989959717,-2.44,-0.14,-0.52
21.995810985565186,-2.4,-0.13,-0.49
22.005839109420776,-2.32,-0.13,-0.45
22.016159057617188,-2.23,-0.13,-0.41
22.0262610912323,-2.12,-0.13,-0.37
22.047365188598633,-1.99,-0.13,-0.34
22.049384117126465,-1.87,-0.13,-0.3
22.055458068847656,-1.74,-0.14,-0.28
22.067735195159912,-1.62,-0.14,-0.26
22.076864004135132,-1.52,-0.15,-0.25
22.08650493621826,-1.44,-0.15,-0.24
22.096935033798218,-1.38,-0.16,-0.23
22.10663414001465,-1.33,-0.17,-0.23
22.11706304550171,-1.28,-0.17,-0.24
22.126532077789307,-1.25,-0.18,-0.25
22.14737606048584,-1.22,-0.18,-0.26
22.14910888671875,-1.18,-0.19,-0.26
22.156259059906006,-1.14,-0.19,-0.26
22.167362213134766,-1.09,-0.19,-0.25
22.176414012908936,-1.03,-0.19,-0.23
22.18756914138794,-0.95,-0.2,-0.19
22.197511196136475,-0.84,-0.2,-0.15
22.207364082336426,-0.72,-0.2,-0.1
22.217968940734863,-0.59,-0.21,-0.04
22.22765302658081,-0.44,-0.21,0.02
22.24836301803589,-0.3,-0.21,0.08
22.25005292892456,-0.14,-0.21,0.14
22.257002115249634,0.01,-0.21,0.18
22.26771116256714,0.15,-0.21,0.21
22.27884602546692,0.29,-0.21,0.23
22.288079023361206,0.41,-0.21,0.24
22.298331022262573,0.53,-0.21,0.23
22.30836009979248,0.63,-0.21,0.21
22.318697929382324,0.73,-0.21,0.19
22.343303203582764,0.8,-0.21,0.17
22.344971179962158,0.85,-0.21,0.14
22.347310066223145,0.9,-0.2,0.12
22.357934951782227,0.93,-0.2,0.1
22.367780208587646,0.95,-0.2,0.09
22.378165006637573,0.97,-0.2,0.08
22.388004064559937,1.0,-0.2,0.08
22.39935302734375,1.05,-0.19,0.08
22.408889055252075,1.1,-0.18,0.08
22.419485092163086,1.17,-0.17,0.08
22.44626808166504,1.24,-0.17,0.09
22.447964191436768,1.3,-0.16,0.09
22.449902057647705,1.35,-0.15,0.1
22.46808409690857,1.39,-0.15,0.11
22.469690084457397,1.42,-0.14,0.12
22.482995986938477,1.45,-0.14,0.12
22.48967695236206,1.48,-0.13,0.12
22.499407052993774,1.52,-0.13,0.1
22.509331226348877,1.57,-0.13,0.09
22.519824981689453,1.64,-0.12,0.06
22.54565715789795,1.72,-0.12,0.04
22.547802925109863,1.81,-0.12,0.01
22.549370050430298,1.92,-0.12,-0.01
22.56828212738037,2.04,-0.11,-0.03
22.569788932800293,2.15,-0.11,-0.03
22.58326816558838,2.26,-0.11,-0.02
22.58968210220337,2.36,-0.1,0.0
22.600269079208374,2.44,-0.1,0.03
22.610059022903442,2.5,-0.1,0.06
22.620430946350098,2.53,-0.09,0.09
22.645673036575317,2.54,-0.08,0.12
22.647785186767578,2.53,-0.08,0.14
22.649724006652832,2.48,-0.07,0.15
22.668329000473022,2.41,-0.07,0.16
22.6698899269104,2.32,-0.06,0.15
22.682050228118896,2.22,-0.06,0.13
22.690245151519775,2.1,-0.05,0.11
22.70079207420349,1.99,-0.05,0.08
22.71113395690918,1.87,-0.04,0.05
22.721246004104614,1.77,-0.05,0.02
22.740435123443604,1.67,-0.04,-0.01
22.742777109146118,1.59,-0.03,-0.04
22.750779151916504,1.51,-0.04,-0.06
22.760634899139404,1.45,-0.03,-0.07
22.770819187164307,1.38,-0.03,-0.08
22.78067398071289,1.31,-0.03,-0.08
22.79074501991272,1.24,-0.03,-0.08
22.801884174346924,1.17,-0.03,-0.07
22.811542987823486,1.08,-0.03,-0.05
22.822082042694092,0.99,-0.02,-0.03
22.840896129608154,0.88,-0.02,-0.02
22.843088150024414,0.76,-0.02,0.0
22.851212978363037,0.62,-0.02,0.02
22.861385107040405,0.47,-0.02,0.03
22.87165904045105,0.32,-0.01,0.04
22.882758140563965,0.15,-0.02,0.05
22.891930103302002,0.01,-0.02,0.06
22.902733087539673,-0.13,-0.01,0.06
22.91248106956482,-0.27,-0.01,0.06
22.922970056533813,-0.4,-0.01,0.05
22.943504095077515,-0.51,-0.01,0.04
22.94550895690918,-0.61,-0.01,0.02
22.95199203491211,-0.71,-0.01,0.01
22.961924076080322,-0.8,-0.01,-0.02
22.972204208374023,-0.87,-0.01,-0.03
22.983376026153564,-0.93,0.0,-0.05
22.99262499809265,-0.98,0.0,-0.06
23.00354504585266,-1.04,0.0,-0.06
23.014005184173584,-1.08,0.01,-0.05
23.023555040359497,-1.13,0.02,-0.04
23.0435152053833,-1.18,0.02,-0.02
23.04570508003235,-1.23,0.03,0.0
23.052996158599854,-1.3,0.04,0.02
23.062791109085083,-1.39,0.05,0.04
23.072925090789795,-1.5,0.05,0.05
23.083919048309326,-1.62,0.06,0.05
23.09323501586914,-1.76,0.06,0.03
23.10403800010681,-1.92,0.07,-0.01
23.114216089248657,-2.09,0.07,-0.06
23.138936042785645,-2.25,0.07,-0.12
23.140652179718018,-2.38,0.07,-0.18
23.14330005645752,-2.49,0.08,-0.24
23.153558015823364,-2.55,0.09,-0.29
23.163605213165283,-2.58,0.1,-0.33
23.17462396621704,-2.57,0.11,-0.34
23.184593200683594,-2.54,0.12,-0.34
23.194363117218018,-2.5,0.14,-0.32
23.20484495162964,-2.43,0.14,-0.3
23.214999198913574,-2.37,0.15,-0.26
23.240482091903687,-2.32,0.16,-0.21
23.24221706390381,-2.27,0.16,-0.16
23.24424910545349,-2.25,0.16,-0.11
23.25412106513977,-2.24,0.16,-0.07
23.264246940612793,-2.23,0.16,-0.03
23.27445101737976,-2.24,0.15,-0.01
23.285222053527832,-2.24,0.15,0.0
23.29494619369507,-2.25,0.14,0.0
23.305485010147095,-2.25,0.13,-0.01
23.315604209899902,-2.24,0.12,-0.03
23.341366052627563,-2.2,0.11,-0.06
23.343174934387207,-2.14,0.11,-0.1
23.345125198364258,-2.05,0.1,-0.13
23.354732990264893,-1.93,0.1,-0.15
23.365111112594604,-1.8,0.09,-0.16
23.376078128814697,-1.64,0.09,-0.15
23.38603901863098,-1.48,0.09,-0.14
23.395745038986206,-1.3,0.09,-0.11
23.406178951263428,-1.13,0.08,-0.08
23.416927099227905,-0.97,0.07,-0.04
23.443104028701782,-0.83,0.07,0.01
23.444819927215576,-0.7,0.06,0.05
23.446832180023193,-0.59,0.06,0.1
23.455766201019287,-0.5,0.05,0.14
23.466726064682007,-0.42,0.05,0.18
23.476803064346313,-0.35,0.04,0.21
23.486509084701538,-0.3,0.04,0.23
23.49730920791626,-0.26,0.03,0.24
23.506601095199585,-0.22,0.03,0.23
23.517245054244995,-0.18,0.02,0.21
23.535609006881714,-0.14,0.01,0.18
23.53748106956482,-0.1,0.01,0.13
23.546419143676758,-0.04,0.0,0.09
23.556467056274414,0.04,0.0,0.04
23.566637992858887,0.15,-0.01,-0.01
23.576476097106934,0.27,-0.01,-0.05
23.58768320083618,0.41,-0.02,-0.09
23.59761095046997,0.56,-0.02,-0.11
23.60740303993225,0.73,-0.03,-0.11
23.61778688430786,0.89,-0.04,-0.11
23.63741111755371,1.05,-0.04,-0.09
23.639156103134155,1.2,-0.04,-0.06
23.64709711074829,1.34,-0.05,-0.02
23.65712594985962,1.46,-0.05,0.02
23.66716194152832,1.56,-0.05,0.06
23.678462982177734,1.65,-0.05,0.11
23.688122034072876,1.71,-0.06,0.15
23.69852113723755,1.76,-0.06,0.18
23.70816421508789,1.78,-0.06,0.2
23.71870708465576,1.8,-0.06,0.2
23.74022388458252,1.82,-0.06,0.19
23.741920948028564,1.83,-0.07,0.16
23.747715950012207,1.85,-0.08,0.11
23.757827043533325,1.89,-0.08,0.07
23.769064903259277,1.97,-0.09,0.02
23.77867603302002,2.08,-0.1,-0.04
23.788965225219727,2.22,-0.11,-0.08
23.79940891265869,2.39,-0.12,-0.11
23.808938026428223,2.58,-0.12,-0.13
23.819435119628906,2.78,-0.13,-0.13
23.839648008346558,2.95,-0.14,-0.11
23.841450214385986,3.1,-0.14,-0.07
23.8485369682312,3.2,-0.14,-0.02
23.85855007171631,3.25,-0.15,0.05
23.86858105659485,3.25,-0.15,0.12
23.87968111038208,3.2,-0.15,0.19
23.889650106430054,3.09,-0.14,0.25
23.900029182434082,2.94,-0.14,0.3
23.909776210784912,2.77,-0.13,0.33
23.937257051467896,2.58,-0.13,0.34
23.938983917236328,2.4,-0.13,0.33
23.94084119796753,2.22,-0.13,0.3
23.949058055877686,2.06,-0.13,0.25
23.95918893814087,1.93,-0.13,0.19
23.9692280292511,1.82,-0.13,0.11
23.98050594329834,1.76,-0.13,0.04
23.990167140960693,1.71,-0.14,-0.04
24.00040912628174,1.69,-0.14,-0.1
24.010327100753784,1.67,-0.15,-0.15
24.03566312789917,1.66,-0.15,-0.17
24.03752088546753,1.64,-0.16,-0.18
24.039690017700195,1.61,-0.16,-0.17
24.051119089126587,1.55,-0.17,-0.14
24.059926986694336,1.46,-0.17,-0.09
24.070083141326904,1.35,-0.17,-0.03
24.08118200302124,1.19,-0.17,0.03
24.090723037719727,1.0,-0.17,0.1
24.101489067077637,0.79,-0.16,0.17
24.111093044281006,0.57,-0.16,0.23
24.13829517364502,0.34,-0.16,0.29
24.13993501663208,0.11,-0.17,0.33
24.142008066177368,-0.11,-0.16,0.35
24.15060806274414,-0.3,-0.16,0.36
24.160834074020386,-0.49,-0.17,0.35
24.17172908782959,-0.66,-0.17,0.32
24.181751012802124,-0.8,-0.17,0.28
24.19121789932251,-0.93,-0.17,0.22
24.202147960662842,-1.03,-0.17,0.14
24.212038040161133,-1.11,-0.17,0.07
24.239706993103027,-1.17,-0.17,0.0
24.24136209487915,-1.22,-0.16,-0.06
24.24333095550537,-1.27,-0.16,-0.11
24.251305103302002,-1.33,-0.15,-0.15
24.26149892807007,-1.4,-0.14,-0.17
24.27249503135681,-1.5,-0.13,-0.17
24.2828631401062,-1.62,-0.11,-0.16
24.291837215423584,-1.77,-0.1,-0.14
24.302824020385742,-1.95,-0.09,-0.11
24.312553882598877,-2.15,-0.08,-0.06
24.33266019821167,-2.36,-0.07,-0.01
24.334431171417236,-2.57,-0.07,0.03
24.342039108276367,-2.77,-0.06,0.08
24.351930141448975,-2.94,-0.06,0.1
24.36214590072632,-3.08,-0.06,0.12
24.373055934906006,-3.18,-0.06,0.12
24.383459091186523,-3.23,-0.06,0.09
24.39281702041626,-3.26,-0.06,0.05
24.403849124908447,-3.24,-0.06,0.0
24.41390109062195,-3.18,-0.05,-0.06
24.434511184692383,-3.1,-0.05,-0.12
24.436163902282715,-3.02,-0.05,-0.17
24.442623138427734,-2.92,-0.04,-0.2
24.452756881713867,-2.83,-0.03,-0.23
24.46266508102417,-2.76,-0.03,-0.23
24.474220037460327,-2.7,-0.02,-0.21
24.48385000228882,-2.66,-0.02,-0.16
24.493828058242798,-2.62,-0.01,-0.1
24.50462293624878,-2.59,-0.01,-0.02
24.514868021011353,-2.56,-0.02,0.07
24.53323006629944,-2.51,-0.02,0.16
24.534954071044922,-2.46,-0.02,0.24
24.543392181396484,-2.39,-0.03,0.31
24.553498029708862,-2.32,-0.04,0.36
24.56356716156006,-2.23,-0.04,0.39
24.574974060058594,-2.14,-0.06,0.4
24.58476209640503,-2.04,-0.07,0.38
24.594361066818237,-1.94,-0.08,0.36
24.604980945587158,-1.82,-0.1,0.32
24.61522603034973,-1.7,-0.11,0.27
24.633599042892456,-1.58,-0.12,0.22
24.635422229766846,-1.44,-0.12,0.16
24.644254207611084,-1.3,-0.14,0.1
24.654320001602173,-1.15,-0.14,0.04
24.664446115493774,-1.0,-0.15,0.0
24.67541003227234,-0.84,-0.16,-0.04
24.685445070266724,-0.7,-0.16,-0.05
24.69537591934204,-0.56,-0.17,-0.06
24.705250024795532,-0.42,-0.17,-0.04
24.730715036392212,-0.29,-0.18,-0.01
24.732880115509033,-0.15,-0.18,0.03
24.7345609664917,0.0,-0.19,0.07
24.751363039016724,0.16,-0.19,0.11
24.75497817993164,0.32,-0.19,0.14
24.766499042510986,0.49,-0.19,0.17
24.776103973388672,0.66,-0.19,0.18
24.785696983337402,0.83,-0.19,0.18
24.796514987945557,1.01,-0.18,0.16
24.805912017822266,1.17,-0.18,0.13
24.83163809776306,1.33,-0.18,0.09
24.83368492126465,1.46,-0.18,0.03
24.835243225097656,1.58,-0.18,-0.04
24.85109305381775,1.68,-0.18,-0.11
24.855637073516846,1.76,-0.18,-0.18
24.866687059402466,1.82,-0.18,-0.25
24.876861095428467,1.87,-0.19,-0.32
24.886670112609863,1.92,-0.19,-0.38
24.89674401283264,1.97,-0.19,-0.43
24.90684223175049,2.01,-0.2,-0.46
24.93162202835083,2.05,-0.2,-0.46
24.933589935302734,2.11,-0.2,-0.44
24.93610191345215,2.17,-0.2,-0.4
24.95128297805786,2.24,-0.2,-0.35
24.956398010253906,2.33,-0.2,-0.3
24.96652102470398,2.41,-0.19,-0.26
24.978048086166382,2.5,-0.18,-0.24
24.98706817626953,2.57,-0.18,-0.24
24.997855186462402,2.64,-0.18,-0.26
25.007602214813232,2.69,-0.18,-0.32
25.03673791885376,2.73,-0.17,-0.37
25.039050102233887,2.77,-0.18,-0.44
25.040710926055908,2.82,-0.18,-0.5
25.049336910247803,2.86,-0.18,-0.55
25.057034015655518,2.89,-0.18,-0.6
25.067734003067017,2.91,-0.18,-0.62
25.0781888961792,2.9,-0.19,-0.64
25.088234901428223,2.88,-0.19,-0.62
25.099128007888794,2.83,-0.2,-0.59
25.108208179473877,2.76,-0.2,-0.53
25.128311157226562,2.67,-0.19,-0.45
25.13051414489746,2.58,-0.19,-0.36
25.137979984283447,2.49,-0.18,-0.27
25.14778423309326,2.4,-0.18,-0.18
25.157994031906128,2.3,-0.17,-0.1
25.16934299468994,2.18,-0.15,-0.05
25.178565979003906,2.07,-0.14,-0.01
25.189106941223145,1.94,-0.13,0.0
25.199482917785645,1.79,-0.12,-0.01
25.208883047103882,1.65,-0.11,-0.02
25.229934215545654,1.51,-0.11,-0.05
25.232038974761963,1.39,-0.1,-0.08
25.238396167755127,1.29,-0.09,-0.12
25.25076913833618,1.2,-0.08,-0.14
25.258646965026855,1.12,-0.08,-0.16
25.269657135009766,1.03,-0.07,-0.18
25.279158115386963,0.94,-0.06,-0.18
25.28933095932007,0.82,-0.05,-0.18
25.299880981445312,0.7,-0.04,-0.16
25.309540033340454,0.57,-0.03,-0.13
25.328979969024658,0.43,-0.02,-0.08
25.33124303817749,0.28,-0.02,-0.02
25.339409112930298,0.13,0.0,0.05
25.349448204040527,-0.03,0.01,0.12
25.359376907348633,-0.21,0.02,0.2
25.369616985321045,-0.38,0.03,0.27
25.38074803352356,-0.56,0.04,0.34
25.390163898468018,-0.74,0.05,0.4
25.401040077209473,-0.92,0.06,0.45
25.410398960113525,-1.08,0.07,0.49
25.43051815032959,-1.23,0.07,0.51
25.432228088378906,-1.35,0.08,0.51
25.439851999282837,-1.45,0.08,0.51
25.450794219970703,-1.53,0.08,0.5
25.460118055343628,-1.58,0.09,0.47
25.47111201286316,-1.62,0.09,0.44
25.481418132781982,-1.63,0.09,0.39
25.490673065185547,-1.63,0.1,0.35
25.501681089401245,-1.63,0.11,0.31
25.529190063476562,-1.62,0.12,0.28
25.530972003936768,-1.61,0.13,0.25
25.53300714492798,-1.63,0.15,0.24
25.551266193389893,-1.66,0.16,0.24
25.552852153778076,-1.71,0.17,0.26
25.568389892578125,-1.77,0.18,0.28
25.57086992263794,-1.85,0.19,0.31
25.58268904685974,-1.93,0.21,0.35
25.591224193572998,-2.01,0.22,0.39
25.601845026016235,-2.08,0.23,0.42
25.627218008041382,-2.14,0.24,0.45
25.629530906677246,-2.19,0.25,0.46
25.631150007247925,-2.24,0.26,0.45
25.64146614074707,-2.27,0.27,0.43
25.651488065719604,-2.28,0.27,0.38
25.661514043807983,-2.29,0.28,0.32
25.672580003738403,-2.29,0.3,0.23
25.682600021362305,-2.28,0.31,0.14
25.692347049713135,-2.27,0.32,0.05
25.70284104347229,-2.24,0.34,-0.05
25.728868007659912,-2.2,0.36,-0.13
25.73073410987854,-2.16,0.38,-0.19
25.732840061187744,-2.11,0.4,-0.24
25.75156307220459,-2.06,0.42,-0.27
25.75319194793701,-2.01,0.45,-0.27
25.767954111099243,-1.96,0.47,-0.26
25.772357940673828,-1.92,0.49,-0.23
25.783327102661133,-1.88,0.52,-0.18
25.792742013931274,-1.85,0.54,-0.13
25.803277015686035,-1.81,0.56,-0.07
25.828258991241455,-1.77,0.57,-0.02
25.83003807067871,-1.7,0.59,0.02
25.832364082336426,-1.63,0.6,0.04
25.84284806251526,-1.52,0.62,0.03
25.85304594039917,-1.42,0.63,0.01
25.862987995147705,-1.3,0.65,-0.03
25.874095916748047,-1.18,0.66,-0.09
25.884140014648438,-1.06,0.68,-0.15
25.89388608932495,-0.93,0.69,-0.21
25.90439796447754,-0.81,0.71,-0.27
25.922749996185303,-0.71,0.72,-0.31
25.925116062164307,-0.6,0.73,-0.35
25.933500051498413,-0.5,0.75,-0.37
25.943514108657837,-0.41,0.76,-0.37
25.953675031661987,-0.32,0.78,-0.36
25.965121030807495,-0.23,0.79,-0.32
25.97406005859375,-0.15,0.8,-0.26
25.98508310317993,-0.06,0.82,-0.19
25.994595050811768,0.03,0.83,-0.1
26.00526714324951,0.12,0.84,0.0
26.025609016418457,0.23,0.86,0.1
26.027864933013916,0.33,0.87,0.19
26.034170150756836,0.45,0.89,0.27
26.04436707496643,0.57,0.91,0.33
26.054420948028564,0.7,0.93,0.37
26.06551218032837,0.83,0.95,0.38
26.075146198272705,0.96,0.97,0.37
26.085748195648193,1.08,0.98,0.34
26.095674991607666,1.19,1.0,0.29
26.105934143066406,1.27,1.02,0.23
26.127548217773438,1.31,1.03,0.18
26.129638195037842,1.34,1.04,0.12
26.134857177734375,1.36,1.04,0.06
26.144990921020508,1.38,1.05,0.0
26.156187057495117,1.41,1.06,-0.06
26.16612195968628,1.44,1.07,-0.11
26.175721168518066,1.48,1.07,-0.15
26.18624210357666,1.52,1.08,-0.16
26.196842193603516,1.56,1.09,-0.16
26.20596218109131,1.6,1.09,-0.13
26.226512908935547,1.65,1.1,-0.08
26.228694915771484,1.7,1.1,-0.03
26.23563504219055,1.74,1.1,0.04
26.24568200111389,1.79,1.11,0.1
26.25587010383606,1.83,1.11,0.17
26.26681900024414,1.88,1.11,0.21
26.276330947875977,1.92,1.12,0.25
26.28708791732788,1.95,1.12,0.27
26.296932220458984,1.98,1.12,0.27
26.323015213012695,2.02,1.11,0.25
26.324856996536255,2.06,1.11,0.2
26.326752185821533,2.09,1.11,0.12
26.336365222930908,2.12,1.1,0.03
26.34644103050232,2.14,1.09,-0.05
26.356606006622314,2.14,1.07,-0.12
26.367637157440186,2.13,1.05,-0.17
26.37731695175171,2.11,1.03,-0.22
26.387814044952393,2.08,1.01,-0.27
26.397881031036377,2.04,1.1,-0.28
26.424052000045776,1.98,6.37,-0.27
26.425924062728882,1.97,6.47,-0.31
26.428110122680664,2.27,4.32,-0.32
26.4371440410614,2.58,1.8,-0.27
26.447203159332275,2.77,0.52,-0.15
26.458147048950195,2.83,0.15,-0.08
26.46746587753296,2.69,-1.03,-0.34
26.478543996810913,2.45,-1.75,-0.92
26.488007068634033,2.2,-1.92,-1.58
26.498866081237793,1.82,-2.33,-2.17
26.523075103759766,1.62,-2.55,-2.42
26.524857997894287,1.78,-1.91,-2.02
26.527684211730957,2.15,-1.12,-1.46
26.538286209106445,2.47,-0.61,-1.19
26.547280073165894,2.62,-0.48,-1.32
26.55810022354126,2.69,-0.82,-1.58
26.569050073623657,2.78,-1.0,-1.83
26.579057216644287,2.89,-0.84,-1.97
26.589004039764404,2.91,-0.73,-2.08
26.5989031791687,2.84,-0.76,-2.19
26.622984886169434,2.72,-0.74,-2.25
26.624929904937744,2.61,-0.63,-2.29
26.62795901298523,2.53,-0.46,-2.32
26.638526916503906,2.53,-0.15,-2.33
26.648560047149658,2.65,0.14,-2.27
26.65861701965332,2.79,0.07,-2.18
26.668946027755737,2.86,-0.31,-2.06
26.679026126861572,2.83,-0.69,-1.92
26.688827991485596,2.7,-0.89,-1.79
26.700133085250854,2.52,-0.89,-1.72
26.71627187728882,2.32,-0.79,-1.72
26.719069004058838,2.13,-0.81,-1.76
26.729180097579956,2.0,-0.86,-1.8
26.739638090133667,1.92,-0.86,-1.82
26.749471187591553,1.95,-0.72,-1.84
26.759514093399048,2.07,-0.77,-2.0
26.76949691772461,2.13,-0.44,-2.24
26.781033992767334,2.21,-0.16,-2.37
26.790223121643066,2.4,-0.26,-2.37
26.80072808265686,2.53,-0.19,-2.28
26.817595958709717,2.64,-0.16,-2.09
26.819496154785156,2.77,-0.19,-1.88
26.829981088638306,2.87,-0.25,-1.82
26.839953899383545,2.93,-0.27,-1.89
26.850059032440186,2.98,-0.17,-2.03
26.860125064849854,3.01,0.04,-2.16
26.87096905708313,3.04,0.23,-2.27
26.881164073944092,3.05,0.33,-2.34
26.891045093536377,2.93,0.41,-2.38
26.901247024536133,2.73,0.38,-2.39
26.91835594177246,2.51,0.28,-2.37
26.920414924621582,2.32,0.25,-2.35
26.930702209472656,2.15,0.26,-2.33
26.94067907333374,1.97,0.33,-2.29
26.950796127319336,1.74,0.43,-2.22
26.96094799041748,1.47,0.49,-2.11
26.97086191177368,1.22,0.47,-1.94
26.98098611831665,1.01,0.44,-1.77
26.991995096206665,0.92,0.37,-1.6
27.001941204071045,0.97,0.39,-1.44
27.018311023712158,1.11,0.55,-1.33
27.02134418487549,1.28,0.74,-1.32
27.031307220458984,1.39,0.9,-1.37
27.041404008865356,1.43,1.02,-1.42
27.05149221420288,1.46,1.14,-1.45
27.06270408630371,1.51,1.25,-1.44
27.072309970855713,1.57,1.24,-1.38
27.082788944244385,1.64,1.21,-1.29
27.092525959014893,1.64,1.25,-1.19
27.116985082626343,1.55,1.32,-1.07
27.11929702758789,1.39,1.35,-0.95
27.121994018554688,1.19,1.36,-0.85
27.13481307029724,0.99,1.29,-0.74
27.142117977142334,0.88,1.18,-0.64
27.15230894088745,0.84,0.99,-0.58
27.16232919692993,0.81,0.81,-0.51
27.173358917236328,0.73,0.64,-0.45
27.183454036712646,0.53,0.47,-0.39
27.193336963653564,0.18,0.25,-0.33
27.218759059906006,-0.16,0.01,-0.28
27.220651149749756,-0.35,-0.15,-0.24
27.222926139831543,-0.36,-0.18,-0.21
27.234732151031494,-0.24,-0.13,-0.2
27.243028163909912,-0.04,-0.07,-0.21
27.253153085708618,0.19,0.05,-0.22
27.26319122314453,0.36,0.17,-0.21
27.27403211593628,0.45,0.3,-0.19
27.28411102294922,0.46,0.41,-0.15
27.293889045715332,0.45,0.49,-0.11
27.318631172180176,0.42,0.51,-0.07
27.320226192474365,0.35,0.43,-0.03
27.323033094406128,0.26,0.3,-0.02
27.333375930786133,0.15,0.16,-0.02
27.343573093414307,0.06,0.08,-0.02
27.353796005249023,-0.03,0.04,-0.03
27.364910125732422,-0.07,0.06,-0.06
27.374635219573975,-0.07,0.14,-0.09
27.38473892211914,-0.03,0.19,-0.09
27.39487099647522,0.04,0.19,-0.08
27.418219089508057,0.12,0.18,-0.06
27.42013692855835,0.17,0.19,-0.03
27.424195051193237,0.19,0.27,-0.01
27.435347080230713,0.14,0.39,0.01
27.444642066955566,0.07,0.5,0.03
27.454504013061523,0.03,0.56,0.04
27.465816974639893,0.04,0.55,0.04
27.4757719039917,0.07,0.48,0.03
27.486042022705078,0.11,0.39,0.01
27.4964120388031,0.14,0.27,-0.02
27.513480186462402,0.15,0.15,-0.06
27.514914989471436,0.13,0.03,-0.1
27.524975061416626,0.08,-0.06,-0.12
27.535367965698242,0.02,-0.1,-0.15
27.54533290863037,-0.05,-0.1,-0.17
27.555217027664185,-0.1,-0.07,-0.18
27.56651496887207,-0.11,-0.04,-0.19
27.576415061950684,-0.08,-0.03,-0.2
27.58627700805664,0.0,-0.02,-0.18
27.596556186676025,0.1,0.0,-0.17
27.616167068481445,0.31,0.17,-0.18
27.61785316467285,0.59,0.52,-0.18
27.625751972198486,0.72,0.76,-0.17
27.63577103614807,0.68,0.86,-0.14
27.645735025405884,0.52,0.81,-0.1
27.655744075775146,0.3,0.57,-0.1
27.667036056518555,0.06,0.21,-0.12
